2025-01-01,0.196483,-0.899620,-0.389972
2025-01-01,0.198099,-0.899322,-0.389843
2025-01-01,0.199744,-0.899015,-0.389710
2025-01-01,0.201433,-0.898698,-0.389573
2025-01-02,0.213896,-0.896270,-0.388520
2025-01-02,0.215521,-0.895943,-0.388378
2025-01-02,0.217145,-0.895612,-0.388235
2025-01-02,0.218827,-0.895268,-0.388086
2025-01-03,0.231227,-0.892640,-0.386947
2025-01-03,0.232830,-0.892289,-0.386795
2025-01-03,0.234491,-0.891923,-0.386636
2025-01-03,0.236167,-0.891551,-0.386474
2025-01-04,0.248514,-0.888721,-0.385248
2025-01-04,0.250110,-0.888344,-0.385084
2025-01-04,0.251720,-0.887961,-0.384918
2025-01-04,0.253403,-0.887558,-0.384744
2025-01-05,0.265692,-0.884528,-0.383430
2025-01-05,0.267310,-0.884117,-0.383252
2025-01-05,0.268898,-0.883712,-0.383076
2025-01-05,0.270587,-0.883278,-0.382888
2025-01-06,0.282787,-0.880055,-0.381491
2025-01-06,0.284367,-0.879626,-0.381305
2025-01-06,0.286005,-0.879179,-0.381111
2025-01-06,0.287657,-0.878725,-0.380915
2025-01-07,0.299807,-0.875299,-0.379430
2025-01-07,0.301408,-0.874836,-0.379229
2025-01-07,0.302979,-0.874380,-0.379031
2025-01-07,0.304636,-0.873895,-0.378821
2025-01-08,0.316732,-0.870267,-0.377248
2025-01-08,0.318323,-0.869778,-0.377036
2025-01-08,0.319885,-0.869296,-0.376827
2025-01-08,0.321547,-0.868779,-0.376603
2025-01-09,0.333542,-0.864964,-0.374949
2025-01-09,0.335110,-0.864454,-0.374728
2025-01-09,0.336705,-0.863932,-0.374502
2025-01-09,0.338328,-0.863398,-0.374270
2025-01-10,0.350247,-0.859387,-0.372532
2025-01-10,0.351833,-0.858842,-0.372296
2025-01-10,0.353375,-0.858309,-0.372065
2025-01-10,0.355002,-0.857744,-0.371819
2025-01-11,0.366884,-0.853524,-0.369990
2025-01-11,0.368416,-0.852968,-0.369749
2025-01-11,0.369976,-0.852400,-0.369503
2025-01-11,0.371592,-0.851808,-0.369246
2025-01-12,0.383362,-0.847406,-0.367338
2025-01-12,0.384898,-0.846819,-0.367084
2025-01-12,0.386446,-0.846226,-0.366827
2025-01-12,0.388008,-0.845624,-0.366566
2025-01-13,0.399719,-0.841019,-0.364570
2025-01-13,0.401243,-0.840408,-0.364305
2025-01-13,0.402766,-0.839795,-0.364039
2025-01-13,0.404357,-0.839151,-0.363760
2025-01-14,0.415949,-0.834367,-0.361686
2025-01-14,0.417461,-0.833732,-0.361411
2025-01-14,0.418986,-0.833088,-0.361131
2025-01-14,0.420565,-0.832418,-0.360841
2025-01-15,0.432035,-0.827458,-0.358691
2025-01-15,0.433548,-0.826791,-0.358402
2025-01-15,0.435060,-0.826123,-0.358112
2025-01-15,0.436612,-0.825433,-0.357813
2025-01-16,0.448011,-0.820275,-0.355577
2025-01-16,0.449498,-0.819590,-0.355280
2025-01-16,0.450983,-0.818903,-0.354983
2025-01-16,0.452535,-0.818182,-0.354670
2025-01-17,0.463832,-0.812838,-0.352354
2025-01-17,0.465292,-0.812136,-0.352049
2025-01-17,0.466777,-0.811418,-0.351738
2025-01-17,0.468328,-0.810666,-0.351412
2025-01-18,0.479480,-0.805159,-0.349025
2025-01-18,0.480952,-0.804419,-0.348704
2025-01-18,0.482423,-0.803677,-0.348383
2025-01-18,0.483933,-0.802913,-0.348051
2025-01-19,0.495003,-0.797212,-0.345580
2025-01-19,0.496448,-0.796455,-0.345252
2025-01-19,0.497904,-0.795690,-0.344920
2025-01-19,0.499412,-0.794894,-0.344575
2025-01-20,0.510370,-0.789013,-0.342026
2025-01-20,0.511787,-0.788240,-0.341691
2025-01-20,0.513241,-0.787443,-0.341345
2025-01-20,0.514733,-0.786623,-0.340990
2025-01-21,0.525550,-0.780579,-0.338370
2025-01-21,0.526977,-0.779769,-0.338018
2025-01-21,0.528390,-0.778963,-0.337669
2025-01-21,0.529840,-0.778134,-0.337310
2025-01-22,0.540589,-0.771884,-0.334601
2025-01-22,0.541975,-0.771066,-0.334246
2025-01-22,0.543385,-0.770230,-0.333884
2025-01-22,0.544844,-0.769362,-0.333507
2025-01-23,0.555446,-0.762954,-0.330729
2025-01-23,0.556815,-0.762113,-0.330365
2025-01-23,0.558209,-0.761254,-0.329993
2025-01-23,0.559626,-0.760378,-0.329613
2025-01-24,0.570089,-0.753806,-0.326764
2025-01-24,0.571480,-0.752919,-0.326380
2025-01-24,0.572831,-0.752054,-0.326005
2025-01-24,0.574244,-0.751147,-0.325611
2025-01-25,0.584591,-0.744398,-0.322686
2025-01-25,0.585939,-0.743504,-0.322298
2025-01-25,0.587286,-0.742609,-0.321910
2025-01-25,0.588693,-0.741671,-0.321504
2025-01-26,0.598896,-0.734763,-0.318509
2025-01-26,0.600239,-0.733839,-0.318109
2025-01-26,0.601556,-0.732931,-0.317715
2025-01-26,0.602945,-0.731969,-0.317298
2025-01-27,0.613000,-0.724905,-0.314236
2025-01-27,0.614325,-0.723960,-0.313826
2025-01-27,0.615637,-0.723021,-0.313419
2025-01-27,0.616995,-0.722046,-0.312997
2025-01-28,0.626935,-0.714802,-0.309856
2025-01-28,0.628218,-0.713853,-0.309445
2025-01-28,0.629524,-0.712884,-0.309025
2025-01-28,0.630862,-0.711887,-0.308593
2025-01-29,0.640638,-0.704500,-0.305390
2025-01-29,0.641926,-0.703512,-0.304962
2025-01-29,0.643177,-0.702550,-0.304545
2025-01-29,0.644508,-0.701522,-0.304100
2025-01-30,0.654139,-0.693977,-0.300829
2025-01-30,0.655420,-0.692959,-0.300388
2025-01-30,0.656663,-0.691967,-0.299958
2025-01-30,0.657963,-0.690927,-0.299507
2025-01-31,0.667458,-0.683217,-0.296165
2025-01-31,0.668685,-0.682207,-0.295727
2025-01-31,0.669920,-0.681186,-0.295284
2025-01-31,0.671188,-0.680134,-0.294828
2025-02-01,0.680533,-0.672271,-0.291420
2025-02-01,0.681762,-0.671222,-0.290965
2025-02-01,0.682967,-0.670191,-0.290518
2025-02-01,0.684225,-0.669109,-0.290049
2025-02-02,0.693406,-0.661105,-0.286579
2025-02-02,0.694604,-0.660046,-0.286120
2025-02-02,0.695799,-0.658985,-0.285660
2025-02-02,0.697037,-0.657883,-0.285183
2025-02-03,0.706040,-0.649751,-0.281658
2025-02-03,0.707228,-0.648663,-0.281186
2025-02-03,0.708392,-0.647593,-0.280722
2025-02-03,0.709619,-0.646461,-0.280231
2025-02-04,0.718474,-0.638174,-0.276639
2025-02-04,0.719630,-0.637076,-0.276163
2025-02-04,0.720784,-0.635977,-0.275687
2025-02-04,0.721989,-0.634826,-0.275188
2025-02-05,0.730662,-0.626417,-0.271542
2025-02-05,0.731807,-0.625290,-0.271054
2025-02-05,0.732939,-0.624173,-0.270570
2025-02-05,0.734111,-0.623012,-0.270067
2025-02-06,0.742632,-0.614453,-0.266356
2025-02-06,0.743744,-0.613319,-0.265865
2025-02-06,0.744845,-0.612194,-0.265377
2025-02-06,0.746005,-0.611004,-0.264861
2025-02-07,0.754358,-0.602308,-0.261092
2025-02-07,0.755459,-0.601145,-0.260588
2025-02-07,0.756528,-0.600013,-0.260097
2025-02-07,0.757664,-0.598804,-0.259573
2025-02-08,0.765849,-0.589974,-0.255745
2025-02-08,0.766918,-0.588804,-0.255238
2025-02-08,0.767984,-0.587633,-0.254730
2025-02-08,0.769068,-0.586439,-0.254213
2025-02-09,0.777082,-0.577477,-0.250328
2025-02-09,0.778127,-0.576291,-0.249814
2025-02-09,0.779171,-0.575102,-0.249298
2025-02-09,0.780251,-0.573869,-0.248764
2025-02-10,0.788090,-0.564779,-0.244823
2025-02-10,0.789104,-0.563586,-0.244306
2025-02-10,0.790124,-0.562381,-0.243784
2025-02-10,0.791180,-0.561131,-0.243242
2025-02-11,0.798825,-0.551937,-0.239257
2025-02-11,0.799834,-0.550706,-0.238723
2025-02-11,0.800822,-0.549496,-0.238198
2025-02-11,0.801844,-0.548240,-0.237654
2025-02-12,0.809329,-0.538901,-0.233606
2025-02-12,0.810296,-0.537677,-0.233075
2025-02-12,0.811261,-0.536451,-0.232543
2025-02-12,0.812268,-0.535167,-0.231987
2025-02-13,0.819572,-0.525708,-0.227887
2025-02-13,0.820507,-0.524480,-0.227354
2025-02-13,0.821456,-0.523227,-0.226811
2025-02-13,0.822438,-0.521927,-0.226248
2025-02-14,0.829534,-0.512386,-0.222112
2025-02-14,0.830470,-0.511108,-0.221558
2025-02-14,0.831387,-0.509852,-0.221013
2025-02-14,0.832327,-0.508559,-0.220453
2025-02-15,0.839255,-0.498882,-0.216258
2025-02-15,0.840158,-0.497601,-0.215703
2025-02-15,0.841051,-0.496330,-0.215152
2025-02-15,0.841974,-0.495010,-0.214580
2025-02-16,0.848715,-0.485223,-0.210337
2025-02-16,0.849577,-0.483951,-0.209786
2025-02-16,0.850461,-0.482642,-0.209218
2025-02-16,0.851367,-0.481296,-0.208635
2025-02-17,0.857895,-0.471436,-0.204361
2025-02-17,0.858749,-0.470127,-0.203793
2025-02-17,0.859592,-0.468828,-0.203230
2025-02-17,0.860456,-0.467491,-0.202651
2025-02-18,0.866810,-0.457504,-0.198321
2025-02-18,0.867623,-0.456205,-0.197758
2025-02-18,0.868448,-0.454880,-0.197184
2025-02-18,0.869302,-0.453506,-0.196588
2025-02-19,0.875463,-0.443417,-0.192215
2025-02-19,0.876250,-0.442105,-0.191646
2025-02-19,0.877043,-0.440780,-0.191072
2025-02-19,0.877863,-0.439404,-0.190475
2025-02-20,0.883822,-0.429230,-0.186065
2025-02-20,0.884599,-0.427881,-0.185480
2025-02-20,0.885359,-0.426555,-0.184905
2025-02-20,0.886152,-0.425166,-0.184303
2025-02-21,0.891909,-0.414910,-0.179857
2025-02-21,0.892646,-0.413573,-0.179278
2025-02-21,0.893394,-0.412211,-0.178687
2025-02-21,0.894174,-0.410784,-0.178069
2025-02-22,0.899726,-0.400449,-0.173589
2025-02-22,0.900438,-0.399101,-0.173004
2025-02-22,0.901153,-0.397739,-0.172414
2025-02-22,0.901899,-0.396313,-0.171796
2025-02-23,0.907259,-0.385878,-0.167272
2025-02-23,0.907951,-0.384505,-0.166677
2025-02-23,0.908634,-0.383145,-0.166088
2025-02-23,0.909346,-0.381719,-0.165470
2025-02-24,0.914499,-0.371212,-0.160915
2025-02-24,0.915158,-0.369842,-0.160321
2025-02-24,0.915827,-0.368445,-0.159715
2025-02-24,0.916512,-0.367008,-0.159093
2025-02-25,0.921463,-0.356419,-0.154502
2025-02-25,0.922102,-0.355025,-0.153898
2025-02-25,0.922733,-0.353644,-0.153299
2025-02-25,0.923396,-0.352183,-0.152666
2025-02-26,0.928138,-0.341530,-0.148048
2025-02-26,0.928750,-0.340126,-0.147439
2025-02-26,0.929359,-0.338721,-0.146831
2025-02-26,0.929989,-0.337263,-0.146199
2025-02-27,0.934521,-0.326548,-0.141554
2025-02-27,0.935106,-0.325134,-0.140941
2025-02-27,0.935683,-0.323733,-0.140334
2025-02-27,0.936290,-0.322252,-0.139692
2025-02-28,0.940617,-0.311466,-0.135016
2025-02-28,0.941175,-0.310043,-0.134399
2025-02-28,0.941725,-0.308633,-0.133788
2025-02-28,0.942299,-0.307156,-0.133147
2025-03-01,0.946424,-0.296288,-0.128436
2025-03-01,0.946950,-0.294870,-0.127822
2025-03-01,0.947478,-0.293437,-0.127201
2025-03-01,0.948023,-0.291951,-0.126557
2025-03-02,0.951930,-0.281045,-0.121829
2025-03-02,0.952434,-0.279606,-0.121205
2025-03-02,0.952930,-0.278179,-0.120586
2025-03-02,0.953447,-0.276684,-0.119938
2025-03-03,0.957150,-0.265704,-0.115179
2025-03-03,0.957621,-0.264270,-0.114557
2025-03-03,0.958090,-0.262835,-0.113935
2025-03-03,0.958583,-0.261319,-0.113278
2025-03-04,0.962071,-0.250294,-0.108499
2025-03-04,0.962515,-0.248852,-0.107874
2025-03-04,0.962957,-0.247410,-0.107249
2025-03-04,0.963420,-0.245886,-0.106588
2025-03-05,0.966690,-0.234834,-0.101797
2025-03-05,0.967107,-0.233386,-0.101169
2025-03-05,0.967521,-0.231937,-0.100541
2025-03-05,0.967951,-0.230420,-0.099883
2025-03-06,0.971018,-0.219290,-0.095059
2025-03-06,0.971407,-0.217835,-0.094428
2025-03-06,0.971793,-0.216379,-0.093797
2025-03-06,0.972195,-0.214855,-0.093137
2025-03-07,0.975045,-0.203692,-0.088297
2025-03-07,0.975406,-0.202231,-0.087664
2025-03-07,0.975765,-0.200769,-0.087031
2025-03-07,0.976141,-0.199225,-0.086361
2025-03-08,0.978766,-0.188073,-0.081527
2025-03-08,0.979105,-0.186579,-0.080879
2025-03-08,0.979433,-0.185125,-0.080249
2025-03-08,0.979779,-0.183576,-0.079577
2025-03-09,0.982197,-0.172355,-0.074713
2025-03-09,0.982503,-0.170883,-0.074075
2025-03-09,0.982808,-0.169398,-0.073431
2025-03-09,0.983120,-0.167870,-0.072769
2025-03-10,0.985327,-0.156599,-0.067883
2025-03-10,0.985601,-0.155136,-0.067249
2025-03-10,0.985881,-0.153632,-0.066597
2025-03-10,0.986164,-0.152100,-0.065933
2025-03-11,0.988151,-0.140822,-0.061044
2025-03-11,0.988400,-0.139342,-0.060403
2025-03-11,0.988647,-0.137861,-0.059761
2025-03-11,0.988900,-0.136324,-0.059095
2025-03-12,0.990673,-0.125017,-0.054193
2025-03-12,0.990895,-0.123533,-0.053550
2025-03-12,0.991115,-0.122034,-0.052900
2025-03-12,0.991339,-0.120494,-0.052232
2025-03-13,0.992899,-0.109146,-0.047313
2025-03-13,0.993090,-0.107672,-0.046674
2025-03-13,0.993280,-0.106185,-0.046029
2025-03-13,0.993475,-0.104641,-0.045360
2025-03-14,0.994817,-0.093298,-0.040443
2025-03-14,0.994983,-0.091793,-0.039791
2025-03-14,0.995145,-0.090303,-0.039145
2025-03-14,0.995309,-0.088770,-0.038480
2025-03-15,0.996436,-0.077393,-0.033549
2025-03-15,0.996571,-0.075914,-0.032908
2025-03-15,0.996705,-0.074421,-0.032260
2025-03-15,0.996842,-0.072858,-0.031583
2025-03-16,0.997752,-0.061493,-0.026656
2025-03-16,0.997860,-0.059998,-0.026008
2025-03-16,0.997964,-0.058517,-0.025366
2025-03-16,0.998072,-0.056952,-0.024688
2025-03-17,0.998765,-0.045588,-0.019762
2025-03-17,0.998845,-0.044078,-0.019107
2025-03-17,0.998922,-0.042582,-0.018459
2025-03-17,0.998999,-0.041043,-0.017792
2025-03-18,0.999478,-0.029656,-0.012855
2025-03-18,0.999528,-0.028173,-0.012212
2025-03-18,0.999577,-0.026675,-0.011563
2025-03-18,0.999626,-0.025108,-0.010884
2025-03-19,0.999888,-0.013742,-0.005957
2025-03-19,0.999911,-0.012245,-0.005308
2025-03-19,0.999931,-0.010761,-0.004665
2025-03-19,0.999950,-0.009193,-0.003985
2025-03-20,0.999997,0.002175,0.000943
2025-03-20,0.999992,0.003659,0.001586
2025-03-20,0.999984,0.005157,0.002235
2025-03-20,0.999973,0.006711,0.002909
2025-03-21,0.999806,0.018092,0.007843
2025-03-21,0.999773,0.019562,0.008480
2025-03-21,0.999737,0.021059,0.009129
2025-03-21,0.999696,0.022613,0.009802
2025-03-22,0.999314,0.033975,0.014728
2025-03-22,0.999252,0.035472,0.015377
2025-03-22,0.999189,0.036941,0.016013
2025-03-22,0.999119,0.038508,0.016693
2025-03-23,0.998523,0.049849,0.021609
2025-03-23,0.998435,0.051316,0.022245
2025-03-23,0.998341,0.052826,0.022899
2025-03-23,0.998242,0.054377,0.023572
2025-03-24,0.997432,0.065707,0.028483
2025-03-24,0.997316,0.067173,0.029118
2025-03-24,0.997197,0.068653,0.029760
2025-03-24,0.997070,0.070188,0.030426
2025-03-25,0.996047,0.081504,0.035331
2025-03-25,0.995900,0.082996,0.035977
2025-03-25,0.995754,0.084459,0.036612
2025-03-25,0.995595,0.086021,0.037289
2025-03-26,0.994362,0.097290,0.042174
2025-03-26,0.994189,0.098765,0.042813
2025-03-26,0.994012,0.100255,0.043459
2025-03-26,0.993826,0.101799,0.044128
2025-03-27,0.992380,0.113047,0.049004
2025-03-27,0.992180,0.114520,0.049643
2025-03-27,0.991977,0.115992,0.050281
2025-03-27,0.991763,0.117519,0.050943
2025-03-28,0.990104,0.128757,0.055814
2025-03-28,0.989876,0.130226,0.056451
2025-03-28,0.989647,0.131681,0.057082
2025-03-28,0.989401,0.133232,0.057754
2025-03-29,0.987535,0.144414,0.062601
2025-03-29,0.987282,0.145866,0.063231
2025-03-29,0.987021,0.147344,0.063872
2025-03-29,0.986752,0.148850,0.064524
2025-03-30,0.984675,0.160015,0.069364
2025-03-30,0.984391,0.161476,0.069997
2025-03-30,0.984108,0.162923,0.070625
2025-03-30,0.983806,0.164452,0.071287
2025-03-31,0.981521,0.175568,0.076106
2025-03-31,0.981213,0.177010,0.076731
2025-03-31,0.980897,0.178480,0.077368
2025-03-31,0.980569,0.179990,0.078023
2025-04-01,0.978079,0.191055,0.082819
2025-04-01,0.977744,0.192492,0.083443
2025-04-01,0.977401,0.193957,0.084077
2025-04-01,0.977051,0.195434,0.084718
2025-04-02,0.974350,0.206472,0.089502
2025-04-02,0.973985,0.207917,0.090129
2025-04-02,0.973621,0.209349,0.090750
2025-04-02,0.973237,0.210848,0.091399
2025-04-03,0.970333,0.221827,0.096159
2025-04-03,0.969944,0.223253,0.096777
2025-04-03,0.969550,0.224692,0.097401
2025-04-03,0.969133,0.226199,0.098054
2025-04-04,0.966036,0.237090,0.102775
2025-04-04,0.965617,0.238523,0.103396
2025-04-04,0.965195,0.239956,0.104017
2025-04-04,0.964755,0.241442,0.104662
2025-04-05,0.961450,0.252296,0.109367
2025-04-05,0.961004,0.253723,0.109985
2025-04-05,0.960559,0.255135,0.110597
2025-04-05,0.960087,0.256628,0.111244
2025-04-06,0.956579,0.267428,0.115926
2025-04-06,0.956111,0.268834,0.116535
2025-04-06,0.955636,0.270252,0.117150
2025-04-06,0.955140,0.271724,0.117788
2025-04-07,0.951439,0.282441,0.122434
2025-04-07,0.950940,0.283852,0.123046
2025-04-07,0.950439,0.285263,0.123657
2025-04-07,0.949925,0.286700,0.124280
2025-04-08,0.946015,0.297384,0.128911
2025-04-08,0.945495,0.298774,0.129514
2025-04-08,0.944967,0.300177,0.130122
2025-04-08,0.944416,0.301631,0.130753
2025-04-09,0.940317,0.312226,0.135345
2025-04-09,0.939771,0.313608,0.135944
2025-04-09,0.939212,0.315015,0.136554
2025-04-09,0.938639,0.316448,0.137175
2025-04-10,0.934348,0.326963,0.141733
2025-04-10,0.933776,0.328336,0.142329
2025-04-10,0.933196,0.329721,0.142929
2025-04-10,0.932592,0.331158,0.143552
2025-04-11,0.928105,0.341604,0.148080
2025-04-11,0.927507,0.342968,0.148671
2025-04-11,0.926902,0.344344,0.149268
2025-04-11,0.926276,0.345758,0.149881
2025-04-12,0.921589,0.356145,0.154383
2025-04-12,0.920972,0.357486,0.154965
2025-04-12,0.920341,0.358852,0.155557
2025-04-12,0.919689,0.360256,0.156166
2025-04-13,0.914821,0.370543,0.160625
2025-04-13,0.914167,0.371900,0.161213
2025-04-13,0.913516,0.373243,0.161795
2025-04-13,0.912838,0.374637,0.162399
2025-04-14,0.907780,0.384845,0.166824
2025-04-14,0.907107,0.386179,0.167403
2025-04-14,0.906431,0.387512,0.167981
2025-04-14,0.905721,0.388907,0.168585
2025-04-15,0.900479,0.399022,0.172970
2025-04-15,0.899781,0.400345,0.173544
2025-04-15,0.899088,0.401655,0.174111
2025-04-15,0.898345,0.403051,0.174717
2025-04-16,0.892916,0.413083,0.179065
2025-04-16,0.892186,0.414407,0.179639
2025-04-16,0.891468,0.415706,0.180202
2025-04-16,0.890721,0.417053,0.180786
2025-04-17,0.885099,0.427010,0.185102
2025-04-17,0.884359,0.428298,0.185661
2025-04-17,0.883610,0.429598,0.186224
2025-04-17,0.882823,0.430958,0.186814
2025-04-18,0.877031,0.440801,0.191081
2025-04-18,0.876260,0.442090,0.191639
2025-04-18,0.875494,0.443365,0.192192
2025-04-18,0.874689,0.444700,0.192771
2025-04-19,0.868715,0.454451,0.196998
2025-04-19,0.867920,0.455728,0.197551
2025-04-19,0.867124,0.457003,0.198104
2025-04-19,0.866302,0.458313,0.198672
2025-04-20,0.860139,0.467982,0.202863
2025-04-20,0.859329,0.469233,0.203406
2025-04-20,0.858508,0.470496,0.203953
2025-04-20,0.857662,0.471793,0.204515
2025-04-21,0.851330,0.481352,0.208659
2025-04-21,0.850488,0.482603,0.209201
2025-04-21,0.849652,0.483840,0.209737
2025-04-21,0.848774,0.485136,0.210299
2025-04-22,0.842281,0.494571,0.214389
2025-04-22,0.841416,0.495808,0.214925
2025-04-22,0.840549,0.497045,0.215461
2025-04-22,0.839655,0.498315,0.216012
2025-04-23,0.832980,0.507658,0.220062
2025-04-23,0.832101,0.508870,0.220588
2025-04-23,0.831228,0.510070,0.221108
2025-04-23,0.830294,0.511349,0.221662
2025-04-24,0.823446,0.520587,0.225667
2025-04-24,0.822536,0.521797,0.226191
2025-04-24,0.821641,0.522982,0.226705
2025-04-24,0.820683,0.524247,0.227253
2025-04-25,0.813692,0.533342,0.231196
2025-04-25,0.812760,0.534538,0.231714
2025-04-25,0.811825,0.535732,0.232232
2025-04-25,0.810853,0.536970,0.232768
2025-04-26,0.803694,0.545955,0.236663
2025-04-26,0.802748,0.547125,0.237170
2025-04-26,0.801801,0.548293,0.237677
2025-04-26,0.800806,0.549515,0.238207
2025-04-27,0.793482,0.558388,0.242053
2025-04-27,0.792506,0.559553,0.242558
2025-04-27,0.791537,0.560707,0.243058
2025-04-27,0.790510,0.561925,0.243586
2025-04-28,0.783032,0.570671,0.247377
2025-04-28,0.782035,0.571821,0.247876
2025-04-28,0.781045,0.572959,0.248369
2025-04-28,0.780024,0.574128,0.248876
2025-04-29,0.772376,0.582767,0.252621
2025-04-29,0.771367,0.583891,0.253108
2025-04-29,0.770356,0.585014,0.253594
2025-04-29,0.769285,0.586199,0.254108
2025-04-30,0.761488,0.594707,0.257797
2025-04-30,0.760459,0.595815,0.258277
2025-04-30,0.759427,0.596922,0.258756
2025-04-30,0.758344,0.598080,0.259258
2025-05-01,0.750401,0.606455,0.262889
2025-05-01,0.749341,0.607557,0.263367
2025-05-01,0.748289,0.608648,0.263839
2025-05-01,0.747205,0.609768,0.264325
2025-05-02,0.739099,0.618029,0.267906
2025-05-02,0.738029,0.619104,0.268372
2025-05-02,0.736957,0.620178,0.268838
2025-05-02,0.735842,0.621291,0.269320
2025-05-03,0.727584,0.629425,0.272846
2025-05-03,0.726505,0.630473,0.273301
2025-05-03,0.725414,0.631530,0.273759
2025-05-03,0.724258,0.632647,0.274243
2025-05-04,0.715883,0.640621,0.277699
2025-05-04,0.714763,0.641672,0.278155
2025-05-04,0.713652,0.642712,0.278606
2025-05-04,0.712508,0.643781,0.279069
2025-05-05,0.703965,0.651643,0.282477
2025-05-05,0.702837,0.652668,0.282921
2025-05-05,0.701708,0.653690,0.283365
2025-05-05,0.700533,0.654750,0.283824
2025-05-06,0.691858,0.662470,0.287170
2025-05-06,0.690711,0.663476,0.287607
2025-05-06,0.689562,0.664481,0.288042
2025-05-06,0.688368,0.665523,0.288494
2025-05-07,0.679574,0.673088,0.291773
2025-05-07,0.678387,0.674095,0.292210
2025-05-07,0.677231,0.675073,0.292634
2025-05-07,0.676029,0.676086,0.293073
2025-05-08,0.667075,0.683533,0.296301
2025-05-08,0.665903,0.684494,0.296717
2025-05-08,0.664730,0.685453,0.297133
2025-05-08,0.663487,0.686466,0.297573
2025-05-09,0.654396,0.693773,0.300740
2025-05-09,0.653207,0.694716,0.301149
2025-05-09,0.652016,0.695657,0.301556
2025-05-09,0.650766,0.696642,0.301983
2025-05-10,0.641578,0.703779,0.305078
2025-05-10,0.640325,0.704739,0.305494
2025-05-10,0.639129,0.705653,0.305890
2025-05-10,0.637860,0.706618,0.306308
2025-05-11,0.628530,0.713622,0.309344
2025-05-11,0.627307,0.714527,0.309737
2025-05-11,0.626071,0.715439,0.310132
2025-05-11,0.624785,0.716385,0.310542
2025-05-12,0.615327,0.723243,0.313515
2025-05-12,0.614088,0.724129,0.313899
2025-05-12,0.612847,0.725014,0.314283
2025-05-12,0.611544,0.725940,0.314684
2025-05-13,0.601974,0.732642,0.317589
2025-05-13,0.600694,0.733526,0.317972
2025-05-13,0.599437,0.734391,0.318347
2025-05-13,0.598129,0.735288,0.318736
2025-05-14,0.588438,0.741842,0.321577
2025-05-14,0.587166,0.742689,0.321945
2025-05-14,0.585881,0.743543,0.322315
2025-05-14,0.584545,0.744428,0.322698
2025-05-15,0.574734,0.750831,0.325474
2025-05-15,0.573435,0.751667,0.325836
2025-05-15,0.572147,0.752493,0.326194
2025-05-15,0.570807,0.753349,0.326565
2025-05-16,0.560893,0.759592,0.329271
2025-05-16,0.559566,0.760415,0.329628
2025-05-16,0.558275,0.761213,0.329974
2025-05-16,0.556920,0.762048,0.330336
2025-05-17,0.546881,0.768145,0.332979
2025-05-17,0.545564,0.768932,0.333320
2025-05-17,0.544234,0.769726,0.333664
2025-05-17,0.542863,0.770540,0.334017
2025-05-18,0.532739,0.776466,0.336586
2025-05-18,0.531395,0.777240,0.336922
2025-05-18,0.530063,0.778006,0.337254
2025-05-18,0.528665,0.778806,0.337600
2025-05-19,0.518421,0.784582,0.340104
2025-05-19,0.517090,0.785321,0.340425
2025-05-19,0.515731,0.786073,0.340751
2025-05-19,0.514344,0.786837,0.341082
2025-05-20,0.503996,0.792455,0.343517
2025-05-20,0.502638,0.793180,0.343832
2025-05-20,0.501265,0.793911,0.344148
2025-05-20,0.499852,0.794661,0.344473
2025-05-21,0.489428,0.800104,0.346833
2025-05-21,0.488044,0.800816,0.347141
2025-05-21,0.486672,0.801519,0.347446
2025-05-21,0.485231,0.802253,0.347764
2025-05-22,0.474696,0.807542,0.350057
2025-05-22,0.473326,0.808219,0.350350
2025-05-22,0.471941,0.808900,0.350646
2025-05-22,0.470501,0.809606,0.350952
2025-05-23,0.459884,0.814725,0.353171
2025-05-23,0.458474,0.815394,0.353461
2025-05-23,0.457091,0.816047,0.353744
2025-05-23,0.455624,0.816737,0.354043
2025-05-24,0.444916,0.821692,0.356191
2025-05-24,0.443494,0.822339,0.356471
2025-05-24,0.442112,0.822965,0.356743
2025-05-24,0.440620,0.823639,0.357035
2025-05-25,0.429822,0.828428,0.359111
2025-05-25,0.428416,0.829041,0.359376
2025-05-25,0.426982,0.829663,0.359646
2025-05-25,0.425518,0.830296,0.359920
2025-05-26,0.414649,0.834913,0.361922
2025-05-26,0.413218,0.835510,0.362181
2025-05-26,0.411786,0.836104,0.362438
2025-05-26,0.410298,0.836720,0.362705
2025-05-27,0.399331,0.841175,0.364636
2025-05-27,0.397904,0.841744,0.364883
2025-05-27,0.396447,0.842322,0.365134
2025-05-27,0.394948,0.842915,0.365391
2025-05-28,0.383915,0.847195,0.367246
2025-05-28,0.382464,0.847748,0.367485
2025-05-28,0.381011,0.848298,0.367724
2025-05-28,0.379529,0.848857,0.367966
2025-05-29,0.368420,0.852967,0.369748
2025-05-29,0.366945,0.853502,0.369980
2025-05-29,0.365496,0.854025,0.370207
2025-05-29,0.363962,0.854577,0.370446
2025-05-30,0.352794,0.858510,0.372151
2025-05-30,0.351337,0.859013,0.372369
2025-05-30,0.349851,0.859524,0.372590
2025-05-30,0.348321,0.860047,0.372817
2025-05-31,0.337068,0.863813,0.374449
2025-05-31,0.335602,0.864293,0.374658
2025-05-31,0.334136,0.864771,0.374865
2025-05-31,0.332582,0.865275,0.375084
2025-06-01,0.321291,0.868859,0.376637
2025-06-01,0.319817,0.869317,0.376836
2025-06-01,0.318327,0.869777,0.377035
2025-06-01,0.316779,0.870253,0.377241
2025-06-02,0.305396,0.873672,0.378723
2025-06-02,0.303928,0.874103,0.378910
2025-06-02,0.302430,0.874540,0.379099
2025-06-02,0.300859,0.874996,0.379297
2025-06-03,0.289458,0.878227,0.380698
2025-06-03,0.287939,0.878648,0.380880
2025-06-03,0.286448,0.879058,0.381058
2025-06-03,0.284883,0.879486,0.381243
2025-06-04,0.273411,0.882546,0.382570
2025-06-04,0.271899,0.882939,0.382740
2025-06-04,0.270415,0.883322,0.382907
2025-06-04,0.268828,0.883730,0.383083
2025-06-05,0.257287,0.886617,0.384335
2025-06-05,0.255782,0.886984,0.384494
2025-06-05,0.254278,0.887348,0.384652
2025-06-05,0.252683,0.887731,0.384818
2025-06-06,0.241106,0.890438,0.385991
2025-06-06,0.239595,0.890781,0.386140
2025-06-06,0.238084,0.891122,0.386288
2025-06-06,0.236498,0.891477,0.386442
2025-06-07,0.224887,0.894003,0.387536
2025-06-07,0.223370,0.894323,0.387675
2025-06-07,0.221823,0.894647,0.387816
2025-06-07,0.220231,0.894978,0.387959
2025-06-08,0.208576,0.897326,0.388977
2025-06-08,0.207039,0.897625,0.389107
2025-06-08,0.205516,0.897920,0.389234
2025-06-08,0.203933,0.898224,0.389366
2025-06-09,0.192222,0.900395,0.390307
2025-06-09,0.190679,0.900671,0.390427
2025-06-09,0.189151,0.900942,0.390544
2025-06-09,0.187548,0.901224,0.390667
2025-06-10,0.175829,0.903211,0.391528
2025-06-10,0.174282,0.903463,0.391637
2025-06-10,0.172749,0.903711,0.391745
2025-06-10,0.171125,0.903971,0.391857
2025-06-11,0.159387,0.905776,0.392640
2025-06-11,0.157836,0.906004,0.392739
2025-06-11,0.156298,0.906229,0.392836
2025-06-11,0.154686,0.906462,0.392937
2025-06-12,0.142886,0.908091,0.393643
2025-06-12,0.141315,0.908297,0.393733
2025-06-12,0.139790,0.908496,0.393819
2025-06-12,0.138158,0.908706,0.393910
2025-06-13,0.126345,0.910152,0.394537
2025-06-13,0.124816,0.910330,0.394614
2025-06-13,0.123242,0.910511,0.394692
2025-06-13,0.121636,0.910692,0.394771
2025-06-14,0.109799,0.911958,0.395319
2025-06-14,0.108237,0.912115,0.395388
2025-06-14,0.106705,0.912267,0.395453
2025-06-14,0.105066,0.912427,0.395523
2025-06-15,0.093223,0.913509,0.395992
2025-06-15,0.091643,0.913644,0.396050
2025-06-15,0.090093,0.913774,0.396107
2025-06-15,0.088467,0.913908,0.396165
2025-06-16,0.076606,0.914809,0.396555
2025-06-16,0.075069,0.914916,0.396602
2025-06-16,0.073486,0.915024,0.396649
2025-06-16,0.071888,0.915131,0.396695
2025-06-17,0.059982,0.915853,0.397008
2025-06-17,0.058413,0.915938,0.397045
2025-06-17,0.056859,0.916021,0.397081
2025-06-17,0.055229,0.916105,0.397117
2025-06-18,0.043327,0.916643,0.397351
2025-06-18,0.041787,0.916704,0.397377
2025-06-18,0.040217,0.916763,0.397402
2025-06-18,0.038585,0.916822,0.397428
2025-06-19,0.026690,0.917178,0.397582
2025-06-19,0.025134,0.917215,0.397598
2025-06-19,0.023547,0.917251,0.397614
2025-06-19,0.021946,0.917284,0.397628
2025-06-20,0.010045,0.917459,0.397704
2025-06-20,0.008474,0.917472,0.397710
2025-06-20,0.006917,0.917483,0.397715
2025-06-20,0.005285,0.917492,0.397719
2025-06-21,-0.006632,0.917485,0.397715
2025-06-21,-0.008173,0.917474,0.397711
2025-06-21,-0.009745,0.917462,0.397705
2025-06-21,-0.011378,0.917446,0.397698
2025-06-22,-0.023262,0.917257,0.397616
2025-06-22,-0.024833,0.917222,0.397601
2025-06-22,-0.026405,0.917185,0.397585
2025-06-22,-0.028021,0.917145,0.397568
2025-06-23,-0.039901,0.916774,0.397407
2025-06-23,-0.041471,0.916716,0.397382
2025-06-23,-0.043026,0.916655,0.397356
2025-06-23,-0.044658,0.916590,0.397327
2025-06-24,-0.056559,0.916036,0.397087
2025-06-24,-0.058098,0.915955,0.397052
2025-06-24,-0.059667,0.915870,0.397015
2025-06-24,-0.061297,0.915780,0.396976
2025-06-25,-0.073156,0.915047,0.396658
2025-06-25,-0.074708,0.914941,0.396613
2025-06-25,-0.076260,0.914833,0.396566
2025-06-25,-0.077873,0.914719,0.396516
2025-06-26,-0.089748,0.913803,0.396119
2025-06-26,-0.091298,0.913673,0.396063
2025-06-26,-0.092863,0.913540,0.396005
2025-06-26,-0.094489,0.913400,0.395945
2025-06-27,-0.106330,0.912304,0.395469
2025-06-27,-0.107862,0.912152,0.395404
2025-06-27,-0.109425,0.911996,0.395336
2025-06-27,-0.111032,0.911832,0.395265
2025-06-28,-0.122837,0.910557,0.394712
2025-06-28,-0.124382,0.910380,0.394635
2025-06-28,-0.125941,0.910200,0.394557
2025-06-28,-0.127545,0.910012,0.394476
2025-06-29,-0.139356,0.908552,0.393843
2025-06-29,-0.140882,0.908354,0.393757
2025-06-29,-0.142423,0.908152,0.393670
2025-06-29,-0.144054,0.907935,0.393576
2025-06-30,-0.155821,0.906298,0.392866
2025-06-30,-0.157358,0.906074,0.392769
2025-06-30,-0.158895,0.905849,0.392671
2025-06-30,-0.160491,0.905612,0.392568
2025-07-01,-0.172227,0.903795,0.391781
2025-07-01,-0.173760,0.903548,0.391674
2025-07-01,-0.175293,0.903299,0.391566
2025-07-01,-0.176885,0.903037,0.391453
2025-07-02,-0.188601,0.901039,0.390586
2025-07-02,-0.190115,0.900772,0.390470
2025-07-02,-0.191657,0.900496,0.390351
2025-07-02,-0.193245,0.900211,0.390227
2025-07-03,-0.204908,0.898037,0.389285
2025-07-03,-0.206446,0.897740,0.389156
2025-07-03,-0.207954,0.897447,0.389029
2025-07-03,-0.209551,0.897134,0.388894
2025-07-04,-0.221158,0.894786,0.387876
2025-07-04,-0.222676,0.894469,0.387738
2025-07-04,-0.224223,0.894144,0.387597
2025-07-04,-0.225784,0.893813,0.387454
2025-07-05,-0.237377,0.891281,0.386356
2025-07-05,-0.238874,0.890944,0.386210
2025-07-05,-0.240399,0.890598,0.386060
2025-07-05,-0.241969,0.890240,0.385905
2025-07-06,-0.253500,0.887535,0.384733
2025-07-06,-0.255020,0.887169,0.384574
2025-07-06,-0.256510,0.886807,0.384417
2025-07-06,-0.258073,0.886425,0.384251
2025-07-07,-0.269553,0.883544,0.383002
2025-07-07,-0.271051,0.883158,0.382835
2025-07-07,-0.272564,0.882766,0.382665
2025-07-07,-0.274105,0.882364,0.382491
2025-07-08,-0.285546,0.879305,0.381165
2025-07-08,-0.287037,0.878896,0.380988
2025-07-08,-0.288542,0.878481,0.380808
2025-07-08,-0.290076,0.878056,0.380623
2025-07-09,-0.301445,0.874826,0.379223
2025-07-09,-0.302943,0.874390,0.379034
2025-07-09,-0.304426,0.873957,0.378846
2025-07-09,-0.305967,0.873504,0.378650
2025-07-10,-0.317276,0.870101,0.377175
2025-07-10,-0.318737,0.869651,0.376980
2025-07-10,-0.320241,0.869186,0.376778
2025-07-10,-0.321758,0.868714,0.376574
2025-07-11,-0.333004,0.865139,0.375024
2025-07-11,-0.334485,0.864658,0.374815
2025-07-11,-0.335937,0.864184,0.374610
2025-07-11,-0.337489,0.863675,0.374389
2025-07-12,-0.348654,0.859933,0.372767
2025-07-12,-0.350127,0.859429,0.372549
2025-07-12,-0.351584,0.858928,0.372332
2025-07-12,-0.353112,0.858400,0.372103
2025-07-13,-0.364194,0.854494,0.370410
2025-07-13,-0.365643,0.853973,0.370184
2025-07-13,-0.367119,0.853439,0.369952
2025-07-13,-0.368623,0.852893,0.369716
2025-07-14,-0.379661,0.848808,0.367945
2025-07-14,-0.381100,0.848264,0.367709
2025-07-14,-0.382539,0.847719,0.367473
2025-07-14,-0.384047,0.847145,0.367224
2025-07-15,-0.395008,0.842891,0.365380
2025-07-15,-0.396452,0.842321,0.365133
2025-07-15,-0.397866,0.841759,0.364889
2025-07-15,-0.399377,0.841156,0.364628
2025-07-16,-0.410246,0.836741,0.362714
2025-07-16,-0.411679,0.836149,0.362457
2025-07-16,-0.413111,0.835554,0.362200
2025-07-16,-0.414569,0.834946,0.361936
2025-07-17,-0.425371,0.830360,0.359948
2025-07-17,-0.426779,0.829751,0.359684
2025-07-17,-0.428186,0.829141,0.359419
2025-07-17,-0.429661,0.828498,0.359141
2025-07-18,-0.440391,0.823742,0.357079
2025-07-18,-0.441788,0.823112,0.356806
2025-07-18,-0.443184,0.822480,0.356532
2025-07-18,-0.444660,0.821809,0.356241
2025-07-19,-0.455262,0.816908,0.354117
2025-07-19,-0.456674,0.816244,0.353829
2025-07-19,-0.458072,0.815584,0.353543
2025-07-19,-0.459495,0.814910,0.353251
2025-07-20,-0.470047,0.809828,0.351048
2025-07-20,-0.471420,0.809156,0.350756
2025-07-20,-0.472792,0.808482,0.350464
2025-07-20,-0.474230,0.807772,0.350156
2025-07-21,-0.484688,0.802530,0.347884
2025-07-21,-0.486049,0.801837,0.347584
2025-07-21,-0.487409,0.801142,0.347282
2025-07-21,-0.488847,0.800404,0.346962
2025-07-22,-0.499168,0.795023,0.344630
2025-07-22,-0.500543,0.794295,0.344314
2025-07-22,-0.501890,0.793579,0.344004
2025-07-22,-0.503288,0.792833,0.343681
2025-07-23,-0.513563,0.787267,0.341268
2025-07-23,-0.514911,0.786526,0.340946
2025-07-23,-0.516231,0.785797,0.340630
2025-07-23,-0.517629,0.785022,0.340295
2025-07-24,-0.527788,0.779307,0.337817
2025-07-24,-0.529122,0.778545,0.337487
2025-07-24,-0.530455,0.777781,0.337156
2025-07-24,-0.531839,0.776985,0.336811
2025-07-25,-0.541867,0.771130,0.334273
2025-07-25,-0.543187,0.770348,0.333934
2025-07-25,-0.544493,0.769571,0.333597
2025-07-25,-0.545849,0.768762,0.333246
2025-07-26,-0.555808,0.762732,0.330632
2025-07-26,-0.557101,0.761937,0.330288
2025-07-26,-0.558406,0.761133,0.329939
2025-07-26,-0.559760,0.760295,0.329576
2025-07-27,-0.569607,0.754113,0.326896
2025-07-27,-0.570886,0.753299,0.326543
2025-07-27,-0.572176,0.752475,0.326186
2025-07-27,-0.573501,0.751625,0.325817
2025-07-28,-0.583223,0.745301,0.323076
2025-07-28,-0.584511,0.744451,0.322707
2025-07-28,-0.585773,0.743615,0.322345
2025-07-28,-0.587083,0.742745,0.321968
2025-07-29,-0.596701,0.736265,0.319159
2025-07-29,-0.597949,0.735412,0.318789
2025-07-29,-0.599208,0.734548,0.318415
2025-07-29,-0.600515,0.733650,0.318026
2025-07-30,-0.610013,0.727023,0.315153
2025-07-30,-0.611245,0.726151,0.314775
2025-07-30,-0.612489,0.725269,0.314393
2025-07-30,-0.613778,0.724351,0.313994
2025-07-31,-0.623143,0.717588,0.311063
2025-07-31,-0.624383,0.716680,0.310669
2025-07-31,-0.625598,0.715787,0.310282
2025-07-31,-0.626871,0.714849,0.309876
2025-08-01,-0.636111,0.707945,0.306883
2025-08-01,-0.637323,0.707026,0.306485
2025-08-01,-0.638533,0.706107,0.306086
2025-08-01,-0.639789,0.705149,0.305671
2025-08-02,-0.648914,0.698095,0.302613
2025-08-02,-0.650109,0.697158,0.302207
2025-08-02,-0.651291,0.696229,0.301804
2025-08-02,-0.652540,0.695243,0.301377
2025-08-03,-0.661536,0.688050,0.298259
2025-08-03,-0.662725,0.687086,0.297841
2025-08-03,-0.663878,0.686148,0.297434
2025-08-03,-0.665087,0.685162,0.297007
2025-08-04,-0.673984,0.677803,0.293817
2025-08-04,-0.675121,0.676850,0.293404
2025-08-04,-0.676280,0.675875,0.292981
2025-08-04,-0.677471,0.674871,0.292546
2025-08-05,-0.686221,0.667387,0.289301
2025-08-05,-0.687364,0.666396,0.288872
2025-08-05,-0.688504,0.665404,0.288442
2025-08-05,-0.689687,0.664372,0.287995
2025-08-06,-0.698289,0.656765,0.284697
2025-08-06,-0.699414,0.655757,0.284260
2025-08-06,-0.700536,0.654747,0.283823
2025-08-06,-0.701689,0.653707,0.283372
2025-08-07,-0.710162,0.645959,0.280013
2025-08-07,-0.711268,0.644934,0.279568
2025-08-07,-0.712350,0.643927,0.279132
2025-08-07,-0.713495,0.642859,0.278669
2025-08-08,-0.721836,0.634972,0.275250
2025-08-08,-0.722934,0.633920,0.274794
2025-08-08,-0.723998,0.632897,0.274351
2025-08-08,-0.725144,0.631792,0.273872
2025-08-09,-0.733319,0.623798,0.270406
2025-08-09,-0.734376,0.622750,0.269952
2025-08-09,-0.735453,0.621680,0.269488
2025-08-09,-0.736548,0.620587,0.269015
2025-08-10,-0.744586,0.612459,0.265491
2025-08-10,-0.745634,0.611384,0.265025
2025-08-10,-0.746681,0.610308,0.264559
2025-08-10,-0.747766,0.609189,0.264074
2025-08-11,-0.755665,0.600928,0.260493
2025-08-11,-0.756693,0.599837,0.260020
2025-08-11,-0.757720,0.598745,0.259547
2025-08-11,-0.758784,0.597609,0.259054
2025-08-12,-0.766522,0.589238,0.255425
2025-08-12,-0.767540,0.588122,0.254941
2025-08-12,-0.768547,0.587014,0.254461
2025-08-12,-0.769590,0.585862,0.253962
2025-08-13,-0.777174,0.577373,0.250282
2025-08-13,-0.778162,0.576252,0.249796
2025-08-13,-0.779148,0.575129,0.249309
2025-08-13,-0.780170,0.573961,0.248803
2025-08-14,-0.787626,0.565324,0.245059
2025-08-14,-0.788584,0.564199,0.244571
2025-08-14,-0.789550,0.563061,0.244078
2025-08-14,-0.790560,0.561866,0.243560
2025-08-15,-0.797838,0.553138,0.239776
2025-08-15,-0.798785,0.551987,0.239277
2025-08-15,-0.799738,0.550823,0.238773
2025-08-15,-0.800699,0.549647,0.238263
2025-08-16,-0.807835,0.540785,0.234422
2025-08-16,-0.808770,0.539608,0.233912
2025-08-16,-0.809675,0.538464,0.233416
2025-08-16,-0.810650,0.537228,0.232880
2025-08-17,-0.817614,0.528269,0.228996
2025-08-17,-0.818518,0.527089,0.228485
2025-08-17,-0.819429,0.525897,0.227968
2025-08-17,-0.820363,0.524669,0.227435
2025-08-18,-0.827154,0.515615,0.223511
2025-08-18,-0.828045,0.514410,0.222989
2025-08-18,-0.828933,0.513204,0.222466
2025-08-18,-0.829837,0.511973,0.221932
2025-08-19,-0.836478,0.502793,0.217953
2025-08-19,-0.837338,0.501587,0.217430
2025-08-19,-0.838196,0.500379,0.216906
2025-08-19,-0.839094,0.499110,0.216356
2025-08-20,-0.845574,0.489818,0.212328
2025-08-20,-0.846412,0.488598,0.211799
2025-08-20,-0.847240,0.487389,0.211275
2025-08-20,-0.848122,0.486095,0.210714
2025-08-21,-0.854423,0.476716,0.206649
2025-08-21,-0.855239,0.475483,0.206114
2025-08-21,-0.856052,0.474249,0.205579
2025-08-21,-0.856895,0.472966,0.205023
2025-08-22,-0.863039,0.463467,0.200905
2025-08-22,-0.863816,0.462246,0.200376
2025-08-22,-0.864614,0.460988,0.199831
2025-08-22,-0.865441,0.459680,0.199264
2025-08-23,-0.871410,0.450087,0.195105
2025-08-23,-0.872180,0.448830,0.194560
2025-08-23,-0.872955,0.447559,0.194010
2025-08-23,-0.873758,0.446239,0.193437
2025-08-24,-0.879543,0.436567,0.189245
2025-08-24,-0.880289,0.435299,0.188695
2025-08-24,-0.881034,0.434029,0.188144
2025-08-24,-0.881805,0.432708,0.187572
2025-08-25,-0.887419,0.422937,0.183336
2025-08-25,-0.888142,0.421657,0.182781
2025-08-25,-0.888870,0.420363,0.182221
2025-08-25,-0.889624,0.419018,0.181638
2025-08-26,-0.895065,0.409149,0.177359
2025-08-26,-0.895764,0.407858,0.176800
2025-08-26,-0.896462,0.406566,0.176240
2025-08-26,-0.897191,0.405210,0.175652
2025-08-27,-0.902443,0.395270,0.171343
2025-08-27,-0.903125,0.393956,0.170773
2025-08-27,-0.903799,0.392653,0.170209
2025-08-27,-0.904497,0.391298,0.169622
2025-08-28,-0.909578,0.381254,0.165267
2025-08-28,-0.910230,0.379942,0.164699
2025-08-28,-0.910886,0.378616,0.164124
2025-08-28,-0.911565,0.377238,0.163527
2025-08-29,-0.916455,0.367129,0.159144
2025-08-29,-0.917089,0.365794,0.158566
2025-08-29,-0.917708,0.364484,0.157998
2025-08-29,-0.918367,0.363083,0.157391
2025-08-30,-0.923077,0.352887,0.152971
2025-08-30,-0.923686,0.351543,0.152388
2025-08-30,-0.924287,0.350210,0.151810
2025-08-30,-0.924921,0.348799,0.151199
2025-08-31,-0.929430,0.338557,0.146759
2025-08-31,-0.930009,0.337217,0.146178
2025-08-31,-0.930597,0.335849,0.145585
2025-08-31,-0.931204,0.334429,0.144969
2025-09-01,-0.935525,0.324119,0.140500
2025-09-01,-0.936090,0.322743,0.139904
2025-09-01,-0.936641,0.321393,0.139319
2025-09-01,-0.937217,0.319976,0.138704
2025-09-02,-0.941363,0.309561,0.134190
2025-09-02,-0.941903,0.308177,0.133590
2025-09-02,-0.942429,0.306818,0.133001
2025-09-02,-0.942984,0.305380,0.132377
2025-09-03,-0.946933,0.294915,0.127841
2025-09-03,-0.947437,0.293549,0.127249
2025-09-03,-0.947943,0.292169,0.126651
2025-09-03,-0.948467,0.290736,0.126029
2025-09-04,-0.952227,0.280198,0.121461
2025-09-04,-0.952715,0.278798,0.120854
2025-09-04,-0.953191,0.277424,0.120259
2025-09-04,-0.953698,0.275956,0.119622
2025-09-05,-0.957267,0.265348,0.115024
2025-09-05,-0.957720,0.263967,0.114425
2025-09-05,-0.958180,0.262559,0.113815
2025-09-05,-0.958650,0.261110,0.113187
2025-09-06,-0.962020,0.250461,0.108571
2025-09-06,-0.962451,0.249060,0.107964
2025-09-06,-0.962881,0.247659,0.107356
2025-09-06,-0.963325,0.246202,0.106725
2025-09-07,-0.966505,0.235476,0.102075
2025-09-07,-0.966911,0.234069,0.101465
2025-09-07,-0.967315,0.232661,0.100855
2025-09-07,-0.967731,0.231198,0.100220
2025-09-08,-0.970720,0.220397,0.095538
2025-09-08,-0.971093,0.219010,0.094937
2025-09-08,-0.971474,0.217582,0.094318
2025-09-08,-0.971867,0.216100,0.093676
2025-09-09,-0.974646,0.205294,0.088992
2025-09-09,-0.975003,0.203861,0.088371
2025-09-09,-0.975351,0.202455,0.087761
2025-09-09,-0.975717,0.200966,0.087116
2025-09-10,-0.978302,0.190092,0.082402
2025-09-10,-0.978630,0.188667,0.081784
2025-09-10,-0.978955,0.187242,0.081167
2025-09-10,-0.979296,0.185734,0.080513
2025-09-11,-0.981679,0.174822,0.075782
2025-09-11,-0.981981,0.173392,0.075163
2025-09-11,-0.982279,0.171962,0.074543
2025-09-11,-0.982590,0.170463,0.073893
2025-09-12,-0.984768,0.159528,0.069153
2025-09-12,-0.985046,0.158080,0.068525
2025-09-12,-0.985318,0.156646,0.067903
2025-09-12,-0.985598,0.155156,0.067258
2025-09-13,-0.987581,0.144147,0.062486
2025-09-13,-0.987830,0.142709,0.061862
2025-09-13,-0.988077,0.141257,0.061233
2025-09-13,-0.988332,0.139749,0.060579
2025-09-14,-0.990111,0.128711,0.055794
2025-09-14,-0.990333,0.127269,0.055169
2025-09-14,-0.990554,0.125813,0.054538
2025-09-14,-0.990778,0.124315,0.053889
2025-09-15,-0.992349,0.113279,0.049105
2025-09-15,-0.992546,0.111820,0.048472
2025-09-15,-0.992740,0.110361,0.047840
2025-09-15,-0.992938,0.108846,0.047183
2025-09-16,-0.994307,0.097759,0.042377
2025-09-16,-0.994475,0.096311,0.041749
2025-09-16,-0.994642,0.094849,0.041116
2025-09-16,-0.994813,0.093331,0.040458
2025-09-17,-0.995979,0.082197,0.035631
2025-09-17,-0.996120,0.080746,0.035002
2025-09-17,-0.996258,0.079296,0.034373
2025-09-17,-0.996401,0.077775,0.033714
2025-09-18,-0.997359,0.066638,0.028887
2025-09-18,-0.997474,0.065172,0.028251
2025-09-18,-0.997587,0.063706,0.027615
2025-09-18,-0.997700,0.062197,0.026961
2025-09-19,-0.998452,0.051033,0.022122
2025-09-19,-0.998539,0.049579,0.021492
2025-09-19,-0.998625,0.048097,0.020849
2025-09-19,-0.998711,0.046573,0.020189
2025-09-20,-0.999255,0.035412,0.015351
2025-09-20,-0.999316,0.033929,0.014708
2025-09-20,-0.999373,0.032474,0.014077
2025-09-20,-0.999431,0.030949,0.013416
2025-09-21,-0.999768,0.019767,0.008569
2025-09-21,-0.999801,0.018312,0.007938
2025-09-21,-0.999832,0.016814,0.007289
2025-09-21,-0.999861,0.015288,0.006627
2025-09-22,-0.999990,0.004103,0.001778
2025-09-22,-0.999996,0.002633,0.001141
2025-09-22,-0.999999,0.001163,0.000504
2025-09-22,-1.000000,-0.000363,-0.000157
2025-09-23,-0.999920,-0.011577,-0.005018
2025-09-23,-0.999899,-0.013047,-0.005656
2025-09-23,-0.999875,-0.014517,-0.006293
2025-09-23,-0.999847,-0.016042,-0.006954
2025-09-24,-0.999559,-0.027239,-0.011808
2025-09-24,-0.999510,-0.028709,-0.012445
2025-09-24,-0.999458,-0.030192,-0.013088
2025-09-24,-0.999402,-0.031717,-0.013749
2025-09-25,-0.998905,-0.042922,-0.018606
2025-09-25,-0.998829,-0.044390,-0.019242
2025-09-25,-0.998750,-0.045858,-0.019879
2025-09-25,-0.998665,-0.047396,-0.020545
2025-09-26,-0.997958,-0.058605,-0.025404
2025-09-26,-0.997854,-0.060072,-0.026040
2025-09-26,-0.997748,-0.061539,-0.026676
2025-09-26,-0.997635,-0.063062,-0.027336
2025-09-27,-0.996719,-0.074258,-0.032190
2025-09-27,-0.996590,-0.075709,-0.032819
2025-09-27,-0.996454,-0.077202,-0.033466
2025-09-27,-0.996312,-0.078722,-0.034125
2025-09-28,-0.995188,-0.089903,-0.038971
2025-09-28,-0.995028,-0.091380,-0.039612
2025-09-28,-0.994867,-0.092842,-0.040246
2025-09-28,-0.994697,-0.094360,-0.040904
2025-09-29,-0.993359,-0.105563,-0.045760
2025-09-29,-0.993174,-0.107023,-0.046393
2025-09-29,-0.992985,-0.108483,-0.047026
2025-09-29,-0.992786,-0.110012,-0.047688
2025-09-30,-0.991244,-0.121151,-0.052517
2025-09-30,-0.991031,-0.122608,-0.053148
2025-09-30,-0.990812,-0.124092,-0.053792
2025-09-30,-0.990585,-0.125604,-0.054447
2025-10-01,-0.988831,-0.136744,-0.059276
2025-10-01,-0.988591,-0.138197,-0.059906
2025-10-01,-0.988349,-0.139651,-0.060536
2025-10-01,-0.988089,-0.141186,-0.061202
2025-10-02,-0.986127,-0.152297,-0.066018
2025-10-02,-0.985860,-0.153747,-0.066647
2025-10-02,-0.985588,-0.155209,-0.067281
2025-10-02,-0.985300,-0.156741,-0.067945
2025-10-03,-0.983130,-0.167819,-0.072747
2025-10-03,-0.982836,-0.169264,-0.073373
2025-10-03,-0.982533,-0.170736,-0.074011
2025-10-03,-0.982225,-0.172222,-0.074655
2025-10-04,-0.979842,-0.183292,-0.079454
2025-10-04,-0.979518,-0.184746,-0.080084
2025-10-04,-0.979194,-0.186185,-0.080708
2025-10-04,-0.978852,-0.187693,-0.081362
2025-10-05,-0.976259,-0.198738,-0.086150
2025-10-05,-0.975911,-0.200173,-0.086772
2025-10-05,-0.975557,-0.201621,-0.087399
2025-10-05,-0.975183,-0.203136,-0.088056
2025-10-06,-0.972393,-0.214097,-0.092808
2025-10-06,-0.972015,-0.215540,-0.093433
2025-10-06,-0.971630,-0.216996,-0.094064
2025-10-06,-0.971235,-0.218478,-0.094707
2025-10-07,-0.968229,-0.229434,-0.099456
2025-10-07,-0.967824,-0.230871,-0.100079
2025-10-07,-0.967419,-0.232293,-0.100695
2025-10-07,-0.966989,-0.233796,-0.101347
2025-10-08,-0.963778,-0.244704,-0.106075
2025-10-08,-0.963350,-0.246120,-0.106689
2025-10-08,-0.962910,-0.247563,-0.107314
2025-10-08,-0.962456,-0.249045,-0.107957
2025-10-09,-0.959041,-0.259900,-0.112662
2025-10-09,-0.958581,-0.261323,-0.113279
2025-10-09,-0.958119,-0.262745,-0.113896
2025-10-09,-0.957637,-0.264220,-0.114535
2025-10-10,-0.954014,-0.275033,-0.119222
2025-10-10,-0.953524,-0.276461,-0.119841
2025-10-10,-0.953040,-0.277863,-0.120449
2025-10-10,-0.952525,-0.279343,-0.121091
2025-10-11,-0.948690,-0.290123,-0.125764
2025-10-11,-0.948182,-0.291518,-0.126368
2025-10-11,-0.947667,-0.292924,-0.126978
2025-10-11,-0.947129,-0.294383,-0.127610
2025-10-12,-0.943102,-0.305075,-0.132245
2025-10-12,-0.942558,-0.306487,-0.132857
2025-10-12,-0.942016,-0.307885,-0.133463
2025-10-12,-0.941451,-0.309336,-0.134092
2025-10-13,-0.937213,-0.319988,-0.138709
2025-10-13,-0.936647,-0.321378,-0.139312
2025-10-13,-0.936080,-0.322768,-0.139914
2025-10-13,-0.935477,-0.324235,-0.140551
2025-10-14,-0.931043,-0.334805,-0.145133
2025-10-14,-0.930452,-0.336187,-0.145731
2025-10-14,-0.929853,-0.337580,-0.146335
2025-10-14,-0.929234,-0.339011,-0.146956
2025-10-15,-0.924596,-0.349523,-0.151512
2025-10-15,-0.923979,-0.350894,-0.152107
2025-10-15,-0.923353,-0.352278,-0.152707
2025-10-15,-0.922707,-0.353700,-0.153323
2025-10-16,-0.917860,-0.364161,-0.157858
2025-10-16,-0.917223,-0.365510,-0.158443
2025-10-16,-0.916571,-0.366884,-0.159038
2025-10-16,-0.915887,-0.368320,-0.159661
2025-10-17,-0.910855,-0.378678,-0.164151
2025-10-17,-0.910180,-0.380042,-0.164742
2025-10-17,-0.909509,-0.381392,-0.165327
2025-10-17,-0.908804,-0.382805,-0.165940
2025-10-18,-0.903571,-0.393094,-0.170400
2025-10-18,-0.902864,-0.394460,-0.170992
2025-10-18,-0.902167,-0.395799,-0.171572
2025-10-18,-0.901435,-0.397201,-0.172180
2025-10-19,-0.896002,-0.407417,-0.176609
2025-10-19,-0.895283,-0.408747,-0.177185
2025-10-19,-0.894555,-0.410087,-0.177766
2025-10-19,-0.893796,-0.411477,-0.178368
2025-10-20,-0.888171,-0.421605,-0.182759
2025-10-20,-0.887420,-0.422935,-0.183336
2025-10-20,-0.886673,-0.424252,-0.183906
2025-10-20,-0.885881,-0.425641,-0.184509
2025-10-21,-0.880066,-0.435679,-0.188860
2025-10-21,-0.879282,-0.437009,-0.189436
2025-10-21,-0.878510,-0.438314,-0.190002
2025-10-21,-0.877700,-0.439678,-0.190593
2025-10-22,-0.871680,-0.449646,-0.194914
2025-10-22,-0.870887,-0.450939,-0.195475
2025-10-22,-0.870083,-0.452243,-0.196040
2025-10-22,-0.869247,-0.453595,-0.196626
2025-10-23,-0.863039,-0.463466,-0.200905
2025-10-23,-0.862206,-0.464770,-0.201470
2025-10-23,-0.861385,-0.466049,-0.202024
2025-10-23,-0.860524,-0.467387,-0.202604
2025-10-24,-0.854130,-0.477157,-0.206840
2025-10-24,-0.853280,-0.478436,-0.207394
2025-10-24,-0.852428,-0.479713,-0.207948
2025-10-24,-0.851541,-0.481037,-0.208522
2025-10-25,-0.844955,-0.490716,-0.212717
2025-10-25,-0.844081,-0.491981,-0.213266
2025-10-25,-0.843212,-0.493233,-0.213808
2025-10-25,-0.842292,-0.494554,-0.214381
2025-10-26,-0.835516,-0.504138,-0.218536
2025-10-26,-0.834618,-0.505389,-0.219078
2025-10-26,-0.833726,-0.506627,-0.219614
2025-10-26,-0.832772,-0.507945,-0.220186
2025-10-27,-0.825832,-0.517396,-0.224283
2025-10-27,-0.824902,-0.518644,-0.224824
2025-10-27,-0.823969,-0.519891,-0.225364
2025-10-27,-0.823017,-0.521159,-0.225914
2025-10-28,-0.815881,-0.530520,-0.229972
2025-10-28,-0.814935,-0.531742,-0.230501
2025-10-28,-0.813988,-0.532962,-0.231030
2025-10-28,-0.812994,-0.534237,-0.231583
2025-10-29,-0.805681,-0.543483,-0.235591
2025-10-29,-0.804695,-0.544712,-0.236124
2025-10-29,-0.803734,-0.545906,-0.236641
2025-10-29,-0.802725,-0.547154,-0.237182
2025-10-30,-0.795228,-0.556293,-0.241144
2025-10-30,-0.794228,-0.557494,-0.241665
2025-10-30,-0.793226,-0.558694,-0.242185
2025-10-30,-0.792212,-0.559904,-0.242709
2025-10-31,-0.784524,-0.568944,-0.246628
2025-10-31,-0.783511,-0.570118,-0.247137
2025-10-31,-0.782495,-0.571291,-0.247645
2025-10-31,-0.781430,-0.572517,-0.248177
2025-11-01,-0.773571,-0.581432,-0.252041
2025-11-01,-0.772545,-0.582579,-0.252538
2025-11-01,-0.771497,-0.583747,-0.253044
2025-11-01,-0.770409,-0.584956,-0.253569
2025-11-02,-0.762392,-0.593732,-0.257373
2025-11-02,-0.761324,-0.594884,-0.257872
2025-11-02,-0.760264,-0.596024,-0.258366
2025-11-02,-0.759163,-0.597205,-0.258878
2025-11-03,-0.750970,-0.605862,-0.262631
2025-11-03,-0.749881,-0.606997,-0.263123
2025-11-03,-0.748810,-0.608109,-0.263605
2025-11-03,-0.747666,-0.609293,-0.264118
2025-11-04,-0.739298,-0.617828,-0.267818
2025-11-04,-0.738208,-0.618924,-0.268293
2025-11-04,-0.737095,-0.620040,-0.268777
2025-11-04,-0.735929,-0.621205,-0.269282
2025-11-05,-0.727421,-0.629584,-0.272914
2025-11-05,-0.726279,-0.630693,-0.273395
2025-11-05,-0.725166,-0.631770,-0.273862
2025-11-05,-0.723988,-0.632906,-0.274354
2025-11-06,-0.715301,-0.641168,-0.277936
2025-11-06,-0.714148,-0.642249,-0.278404
2025-11-06,-0.713004,-0.643318,-0.278867
2025-11-06,-0.711794,-0.644445,-0.279356
2025-11-07,-0.702940,-0.652575,-0.282880
2025-11-07,-0.701788,-0.653618,-0.283332
2025-11-07,-0.700603,-0.654688,-0.283796
2025-11-07,-0.699382,-0.655785,-0.284272
2025-11-08,-0.690395,-0.663753,-0.287726
2025-11-08,-0.689180,-0.664815,-0.288186
2025-11-08,-0.687996,-0.665847,-0.288633
2025-11-08,-0.686755,-0.666924,-0.289101
2025-11-09,-0.677595,-0.674766,-0.292500
2025-11-09,-0.676394,-0.675780,-0.292939
2025-11-09,-0.675179,-0.676801,-0.293382
2025-11-09,-0.673906,-0.677869,-0.293845
2025-11-10,-0.664587,-0.685570,-0.297183
2025-11-10,-0.663366,-0.686565,-0.297614
2025-11-10,-0.662120,-0.687576,-0.298053
2025-11-10,-0.660827,-0.688623,-0.298506
2025-11-11,-0.651396,-0.696146,-0.301768
2025-11-11,-0.650122,-0.697148,-0.302202
2025-11-11,-0.648880,-0.698121,-0.302624
2025-11-11,-0.647579,-0.699137,-0.303064
2025-11-12,-0.637971,-0.706535,-0.306271
2025-11-12,-0.636713,-0.707489,-0.306685
2025-11-12,-0.635429,-0.708460,-0.307106
2025-11-12,-0.634109,-0.709455,-0.307537
2025-11-13,-0.624325,-0.716723,-0.310687
2025-11-13,-0.623049,-0.717657,-0.311092
2025-11-13,-0.621759,-0.718598,-0.311500
2025-11-13,-0.620419,-0.719572,-0.311922
2025-11-14,-0.610534,-0.726655,-0.314993
2025-11-14,-0.609204,-0.727594,-0.315400
2025-11-14,-0.607908,-0.728506,-0.315795
2025-11-14,-0.606550,-0.729458,-0.316208
2025-11-15,-0.596506,-0.736397,-0.319216
2025-11-15,-0.595195,-0.737290,-0.319603
2025-11-15,-0.593870,-0.738189,-0.319993
2025-11-15,-0.592482,-0.739127,-0.320399
2025-11-16,-0.582307,-0.745904,-0.323337
2025-11-16,-0.580954,-0.746791,-0.323721
2025-11-16,-0.579624,-0.747661,-0.324098
2025-11-16,-0.578218,-0.748576,-0.324495
2025-11-17,-0.567927,-0.755179,-0.327358
2025-11-17,-0.566532,-0.756061,-0.327740
2025-11-17,-0.565186,-0.756909,-0.328107
2025-11-17,-0.563775,-0.757794,-0.328491
2025-11-18,-0.553334,-0.764245,-0.331287
2025-11-18,-0.551960,-0.765081,-0.331650
2025-11-18,-0.550585,-0.765914,-0.332011
2025-11-18,-0.549145,-0.766784,-0.332388
2025-11-19,-0.538581,-0.773066,-0.335111
2025-11-19,-0.537192,-0.773879,-0.335464
2025-11-19,-0.535801,-0.774690,-0.335815
2025-11-19,-0.534345,-0.775537,-0.336182
2025-11-20,-0.523649,-0.781654,-0.338834
2025-11-20,-0.522257,-0.782438,-0.339174
2025-11-20,-0.520838,-0.783233,-0.339519
2025-11-20,-0.519366,-0.784056,-0.339875
2025-11-21,-0.508567,-0.789993,-0.342449
2025-11-21,-0.507148,-0.790761,-0.342781
2025-11-21,-0.505714,-0.791533,-0.343116
2025-11-21,-0.504252,-0.792318,-0.343457
2025-11-22,-0.493315,-0.798093,-0.345960
2025-11-22,-0.491867,-0.798845,-0.346286
2025-11-22,-0.490432,-0.799587,-0.346608
2025-11-22,-0.488915,-0.800369,-0.346947
2025-11-23,-0.477882,-0.805959,-0.349370
2025-11-23,-0.476447,-0.806674,-0.349680
2025-11-23,-0.474970,-0.807406,-0.349997
2025-11-23,-0.473466,-0.808150,-0.350319
2025-11-24,-0.462327,-0.813561,-0.352665
2025-11-24,-0.460852,-0.814265,-0.352970
2025-11-24,-0.459388,-0.814961,-0.353272
2025-11-24,-0.457856,-0.815686,-0.353586
2025-11-25,-0.446601,-0.820922,-0.355856
2025-11-25,-0.445113,-0.821603,-0.356151
2025-11-25,-0.443636,-0.822275,-0.356442
2025-11-25,-0.442077,-0.822981,-0.356749
2025-11-26,-0.430709,-0.828040,-0.358942
2025-11-26,-0.429235,-0.828684,-0.359221
2025-11-26,-0.427732,-0.829338,-0.359504
2025-11-26,-0.426187,-0.830008,-0.359794
2025-11-27,-0.414724,-0.834882,-0.361907
2025-11-27,-0.413224,-0.835508,-0.362179
2025-11-27,-0.411709,-0.836137,-0.362451
2025-11-27,-0.410150,-0.836781,-0.362731
2025-11-28,-0.398581,-0.841474,-0.364765
2025-11-28,-0.397041,-0.842087,-0.365031
2025-11-28,-0.395542,-0.842681,-0.365288
2025-11-28,-0.393944,-0.843311,-0.365561
2025-11-29,-0.382286,-0.847815,-0.367514
2025-11-29,-0.380777,-0.848387,-0.367761
2025-11-29,-0.379239,-0.848967,-0.368013
2025-11-29,-0.377629,-0.849571,-0.368275
2025-11-30,-0.365914,-0.853875,-0.370141
2025-11-30,-0.364366,-0.854432,-0.370382
2025-11-30,-0.362831,-0.854982,-0.370620
2025-11-30,-0.361209,-0.855560,-0.370871
2025-12-01,-0.349399,-0.859679,-0.372656
2025-12-01,-0.347840,-0.860211,-0.372887
2025-12-01,-0.346281,-0.860740,-0.373116
2025-12-01,-0.344648,-0.861292,-0.373355
2025-12-02,-0.332746,-0.865223,-0.375059
2025-12-02,-0.331192,-0.865725,-0.375277
2025-12-02,-0.329608,-0.866233,-0.375498
2025-12-02,-0.328008,-0.866744,-0.375719
2025-12-03,-0.316033,-0.870482,-0.377339
2025-12-03,-0.314440,-0.870967,-0.377550
2025-12-03,-0.312875,-0.871441,-0.377755
2025-12-03,-0.311222,-0.871939,-0.377971
2025-12-04,-0.299162,-0.875486,-0.379508
2025-12-04,-0.297604,-0.875933,-0.379702
2025-12-04,-0.296001,-0.876390,-0.379900
2025-12-04,-0.294339,-0.876861,-0.380105
2025-12-05,-0.282241,-0.880203,-0.381553
2025-12-05,-0.280630,-0.880636,-0.381741
2025-12-05,-0.279048,-0.881059,-0.381924
2025-12-05,-0.277377,-0.881504,-0.382117
2025-12-06,-0.265202,-0.884652,-0.383482
2025-12-06,-0.263598,-0.885056,-0.383657
2025-12-06,-0.261994,-0.885457,-0.383831
2025-12-06,-0.260314,-0.885873,-0.384011
2025-12-07,-0.248051,-0.888831,-0.385293
2025-12-07,-0.246454,-0.889205,-0.385455
2025-12-07,-0.244827,-0.889583,-0.385619
2025-12-07,-0.243140,-0.889972,-0.385788
2025-12-08,-0.230866,-0.892720,-0.386979
2025-12-08,-0.229233,-0.893074,-0.387132
2025-12-08,-0.227628,-0.893419,-0.387282
2025-12-08,-0.225934,-0.893781,-0.387439
2025-12-09,-0.213579,-0.896335,-0.388546
2025-12-09,-0.211969,-0.896656,-0.388685
2025-12-09,-0.210328,-0.896982,-0.388826
2025-12-09,-0.208627,-0.897316,-0.388971
2025-12-10,-0.196195,-0.899674,-0.389993
2025-12-10,-0.194593,-0.899966,-0.390120
2025-12-10,-0.192947,-0.900265,-0.390250
2025-12-10,-0.191255,-0.900569,-0.390381
2025-12-11,-0.178779,-0.902724,-0.391316
2025-12-11,-0.177142,-0.902995,-0.391433
2025-12-11,-0.175505,-0.903265,-0.391550
2025-12-11,-0.173807,-0.903541,-0.391670
2025-12-12,-0.161306,-0.905490,-0.392515
2025-12-12,-0.159665,-0.905735,-0.392621
2025-12-12,-0.158008,-0.905980,-0.392727
2025-12-12,-0.156305,-0.906228,-0.392835
2025-12-13,-0.143768,-0.907974,-0.393591
2025-12-13,-0.142122,-0.908192,-0.393686
2025-12-13,-0.140491,-0.908406,-0.393779
2025-12-13,-0.138753,-0.908630,-0.393876
2025-12-14,-0.126170,-0.910173,-0.394545
2025-12-14,-0.124505,-0.910366,-0.394628
2025-12-14,-0.122869,-0.910553,-0.394710
2025-12-14,-0.121143,-0.910748,-0.394794
2025-12-15,-0.108547,-0.912084,-0.395373
2025-12-15,-0.106908,-0.912247,-0.395444
2025-12-15,-0.105224,-0.912412,-0.395515
2025-12-15,-0.103509,-0.912577,-0.395587
2025-12-16,-0.090889,-0.913708,-0.396077
2025-12-16,-0.089218,-0.913847,-0.396137
2025-12-16,-0.087561,-0.913981,-0.396195
2025-12-16,-0.085828,-0.914120,-0.396255
2025-12-17,-0.073173,-0.915046,-0.396657
2025-12-17,-0.071514,-0.915156,-0.396705
2025-12-17,-0.069855,-0.915264,-0.396751
2025-12-17,-0.068105,-0.915375,-0.396800
2025-12-18,-0.055449,-0.916094,-0.397111
2025-12-18,-0.053803,-0.916177,-0.397147
2025-12-18,-0.052112,-0.916259,-0.397183
2025-12-18,-0.050390,-0.916340,-0.397218
2025-12-19,-0.037707,-0.916853,-0.397440
2025-12-19,-0.036045,-0.916909,-0.397465
2025-12-19,-0.034383,-0.916963,-0.397488
2025-12-19,-0.032629,-0.917017,-0.397511
2025-12-20,-0.019938,-0.917323,-0.397644
2025-12-20,-0.018275,-0.917352,-0.397657
2025-12-20,-0.016597,-0.917379,-0.397668
2025-12-20,-0.014858,-0.917404,-0.397679
2025-12-21,-0.002163,-0.917503,-0.397722
2025-12-21,-0.000515,-0.917505,-0.397723
2025-12-21,0.001179,-0.917505,-0.397723
2025-12-21,0.002872,-0.917502,-0.397721
2025-12-22,0.015597,-0.917394,-0.397675
2025-12-22,0.017276,-0.917369,-0.397664
2025-12-22,0.018939,-0.917341,-0.397652
2025-12-22,0.020678,-0.917309,-0.397638
2025-12-23,0.033384,-0.916994,-0.397501
2025-12-23,0.035031,-0.916942,-0.397479
2025-12-23,0.036708,-0.916887,-0.397455
2025-12-23,0.038462,-0.916827,-0.397429
2025-12-24,0.051129,-0.916305,-0.397203
2025-12-24,0.052790,-0.916226,-0.397168
2025-12-24,0.054481,-0.916143,-0.397132
2025-12-24,0.056203,-0.916055,-0.397094
2025-12-25,0.068888,-0.915326,-0.396778
2025-12-25,0.070547,-0.915219,-0.396732
2025-12-25,0.072206,-0.915111,-0.396685
2025-12-25,0.073941,-0.914994,-0.396634
2025-12-26,0.086626,-0.914057,-0.396228
2025-12-26,0.088267,-0.913924,-0.396171
2025-12-26,0.089939,-0.913787,-0.396111
2025-12-26,0.091672,-0.913642,-0.396048
2025-12-27,0.104306,-0.912501,-0.395554
2025-12-27,0.105975,-0.912339,-0.395483
2025-12-27,0.107629,-0.912176,-0.395413
2025-12-27,0.109358,-0.912003,-0.395338
2025-12-28,0.121983,-0.910654,-0.394753
2025-12-28,0.123634,-0.910466,-0.394672
2025-12-28,0.125284,-0.910276,-0.394589
2025-12-28,0.127025,-0.910073,-0.394501
2025-12-29,0.139622,-0.908518,-0.393827
2025-12-29,0.141283,-0.908302,-0.393734
2025-12-29,0.142930,-0.908085,-0.393640
2025-12-29,0.144651,-0.907856,-0.393540
2025-12-30,0.157201,-0.906098,-0.392778
2025-12-30,0.158858,-0.905854,-0.392673
2025-12-30,0.160500,-0.905611,-0.392567
2025-12-30,0.162202,-0.905356,-0.392456
2025-12-31,0.174761,-0.903386,-0.391602
2025-12-31,0.176383,-0.903121,-0.391487
2025-12-31,0.178020,-0.902850,-0.391370
2025-12-31,0.179746,-0.902562,-0.391245
2026-01-01,0.192250,-0.900390,-0.390304
2026-01-01,0.193882,-0.900096,-0.390176
2026-01-01,0.195528,-0.899796,-0.390046
2026-01-01,0.197219,-0.899485,-0.389911
2026-01-02,0.209664,-0.897113,-0.388883
2026-01-02,0.211290,-0.896792,-0.388744
2026-01-02,0.212930,-0.896465,-0.388602
2026-01-02,0.214614,-0.896127,-0.388456
2026-01-03,0.227026,-0.893548,-0.387338
2026-01-03,0.228631,-0.893204,-0.387189
2026-01-03,0.230279,-0.892847,-0.387034
2026-01-03,0.231971,-0.892478,-0.386874
2026-01-04,0.244316,-0.889701,-0.385670
2026-01-04,0.245944,-0.889324,-0.385507
2026-01-04,0.247541,-0.888951,-0.385345
2026-01-04,0.249225,-0.888554,-0.385173
2026-01-05,0.261515,-0.885576,-0.383882
2026-01-05,0.263134,-0.885172,-0.383707
2026-01-05,0.264738,-0.884769,-0.383532
2026-01-05,0.266415,-0.884345,-0.383349