Altitude,Latitude,Longitude,B_r,B_phi,B_theta,B_magnitude
400.0,-89.9,-179.9,42927.48,7314.28,10705.23,44842.71
400.0,-89.9,-169.9,42921.67,9083.74,9281.83,44843.46
400.0,-89.9,-159.9,42914.02,10576.71,7575.78,44842.75
400.0,-89.9,-149.9,42904.75,11748.01,5639.06,44840.08
400.0,-89.9,-139.9,42894.16,12562.27,3530.60,44835.09
400.0,-89.9,-129.9,42882.55,12995.01,1314.42,44827.57
400.0,-89.9,-119.9,42870.28,13033.29,-942.22,44817.58
400.0,-89.9,-109.9,42857.70,12676.13,-3170.93,44805.38
400.0,-89.9,-99.9,42845.24,11934.47,-5304.21,44791.52
400.0,-89.9,-89.9,42833.23,10830.89,-7277.46,44776.72
400.0,-89.9,-79.9,42822.06,9398.86,-9030.98,44761.88
400.0,-89.9,-69.9,42812.06,7681.75,-10511.68,44747.93
400.0,-89.9,-59.9,42803.53,5731.54,-11674.71,44735.80
400.0,-89.9,-49.9,42796.74,3607.25,-12484.79,44726.32
400.0,-89.9,-39.9,42791.89,1373.20,-12917.31,44720.11
400.0,-89.9,-29.9,42789.12,-902.97,-12959.02,44717.57
400.0,-89.9,-19.9,42788.54,-3152.26,-12608.48,44718.78
400.0,-89.9,-9.9,42790.14,-5306.45,-11876.15,44723.56
400.0,-89.9,0.1,42793.88,-7300.10,-10784.01,44731.45
400.0,-89.9,10.1,42799.66,-9072.58,-9365.04,44741.78
400.0,-89.9,20.1,42807.30,-10569.91,-7662.13,44753.73
400.0,-89.9,30.1,42816.55,-11746.38,-5726.89,44766.41
400.0,-89.9,40.1,42827.16,-12566.03,-3618.05,44779.02
400.0,-89.9,50.1,42838.78,-13003.69,-1399.70,44790.80
400.0,-89.9,60.1,42851.07,-13045.84,860.65,44801.21
400.0,-89.9,70.1,42863.67,-12691.04,3094.16,44809.94
400.0,-89.9,80.1,42876.16,-11949.95,5232.75,44816.83
400.0,-89.9,90.1,42888.19,-10845.07,7211.19,44822.02
400.0,-89.9,100.1,42899.38,-9410.02,8969.14,44825.78
400.0,-89.9,110.1,42909.39,-7688.55,10452.98,44828.50
400.0,-89.9,120.1,42917.93,-5733.16,11617.48,44830.61
400.0,-89.9,130.1,42924.70,-3603.50,12427.19,44832.47
400.0,-89.9,140.1,42929.55,-1364.52,12857.54,44834.41
400.0,-89.9,150.1,42932.30,915.52,12895.53,44836.54
400.0,-89.9,160.1,42932.86,3167.18,12540.20,44838.80
400.0,-89.9,170.1,42931.23,5321.93,11802.55,44840.98
400.0,-84.9,-179.9,45968.09,7574.87,8447.85,47347.75
400.0,-84.9,-169.9,45653.31,9231.08,6940.69,47091.52
400.0,-84.9,-159.9,45254.36,10590.79,5193.57,46766.39
400.0,-84.9,-149.9,44783.94,11622.73,3261.76,46382.41
400.0,-84.9,-139.9,44256.13,12304.97,1202.88,45950.68
400.0,-84.9,-129.9,43686.12,12624.65,-924.10,45483.11
400.0,-84.9,-119.9,43089.80,12577.97,-3059.72,44992.21
400.0,-84.9,-109.9,42483.69,12170.37,-5145.02,44491.05
400.0,-84.9,-99.9,41884.43,11416.65,-7122.92,43992.97
400.0,-84.9,-89.9,41308.44,10340.73,-8939.82,43511.36
400.0,-84.9,-79.9,40771.46,8974.98,-10547.35,43059.36
400.0,-84.9,-69.9,40288.15,7358.83,-11903.73,42649.57
400.0,-84.9,-59.9,39871.79,5537.13,-12974.76,42293.78
400.0,-84.9,-49.9,39533.96,3558.34,-13734.00,42002.60
400.0,-84.9,-39.9,39284.53,1473.10,-14162.36,41785.36
400.0,-84.9,-29.9,39131.33,-666.54,-14247.38,41649.65
400.0,-84.9,-19.9,39080.30,-2807.28,-13982.67,41601.27
400.0,-84.9,-9.9,39135.06,-4894.19,-13367.84,41643.79
400.0,-84.9,0.1,39296.70,-6870.38,-12409.25,41778.25
400.0,-84.9,10.1,39563.38,-8677.07,-11121.46,42002.85
400.0,-84.9,20.1,39929.93,-10254.64,-9529.11,42312.66
400.0,-84.9,30.1,40387.54,-11544.81,-7668.69,42699.47
400.0,-84.9,40.1,40923.56,-12493.81,-5589.55,43151.79
400.0,-84.9,50.1,41521.80,-13056.37,-3353.84,43655.20
400.0,-84.9,60.1,42162.75,-13199.61,-1034.84,44192.74
400.0,-84.9,70.1,42824.51,-12906.77,1285.96,44745.70
400.0,-84.9,80.1,43483.82,-12179.54,3523.23,45294.56
400.0,-84.9,90.1,44117.07,-11039.15,5592.67,45819.82
400.0,-84.9,100.1,44701.75,-9525.75,7416.19,46303.20
400.0,-84.9,110.1,45217.48,-7696.09,8926.56,46728.30
400.0,-84.9,120.1,45647.13,-5619.99,10071.14,47081.55
400.0,-84.9,130.1,45977.38,-3375.95,10814.23,47352.55
400.0,-84.9,140.1,46199.19,-1046.34,11137.98,47534.36
400.0,-84.9,150.1,46307.93,1287.05,11041.85,47623.55
400.0,-84.9,160.1,46303.04,3546.89,10540.89,47619.98
400.0,-84.9,170.1,46187.65,5663.14,9663.35,47526.31
400.0,-79.9,-179.9,48349.64,7838.52,5680.38,49309.20
400.0,-79.9,-169.9,47694.77,9355.14,4146.48,48780.15
400.0,-79.9,-159.9,46897.36,10571.89,2432.26,48135.67
400.0,-79.9,-149.9,45980.76,11472.95,585.93,47394.12
400.0,-79.9,-139.9,44968.75,12046.57,-1346.62,46573.84
400.0,-79.9,-129.9,43886.32,12283.68,-3319.51,45693.73
400.0,-79.9,-119.9,42760.32,12178.74,-5284.54,44773.80
400.0,-79.9,-109.9,41619.94,11732.51,-7189.85,43835.66
400.0,-79.9,-99.9,40496.02,10955.71,-8980.94,42902.36
400.0,-79.9,-89.9,39420.03,9871.93,-10604.17,41998.12
400.0,-79.9,-79.9,38421.90,8518.06,-12011.85,41147.11
400.0,-79.9,-69.9,37528.25,6941.53,-13167.41,40372.46
400.0,-79.9,-59.9,36761.11,5194.61,-14048.30,39695.32
400.0,-79.9,-49.9,36137.84,3327.97,-14645.41,39134.48
400.0,-79.9,-39.9,35672.10,1385.61,-14959.03,38706.47
400.0,-79.9,-29.9,35375.32,-596.74,-14992.67,38425.89
400.0,-79.9,-19.9,35258.04,-2589.02,-14747.33,38305.56
400.0,-79.9,-9.9,35330.38,-4561.24,-14218.50,38356.30
400.0,-79.9,0.1,35601.23,-6476.87,-13396.87,38585.92
400.0,-79.9,10.1,36076.19,-8287.60,-12273.06,38997.48
400.0,-79.9,20.1,36754.80,-9931.63,-10844.79,39587.40
400.0,-79.9,30.1,37628.01,-11336.06,-9124.51,40343.90
400.0,-79.9,40.1,38676.20,-12423.36,-7145.38,41246.14
400.0,-79.9,50.1,39868.32,-13120.27,-4963.98,42264.24
400.0,-79.9,60.1,41162.80,-13367.53,-2659.09,43360.55
400.0,-79.9,70.1,42509.59,-13128.33,-326.66,44491.85
400.0,-79.9,80.1,43853.45,-12394.24,1927.99,45612.05
400.0,-79.9,90.1,45138.02,-11187.60,3999.46,46675.46
400.0,-79.9,100.1,46309.86,-9560.26,5791.72,47639.75
400.0,-79.9,110.1,47322.49,-7588.93,7226.26,48468.84
400.0,-79.9,120.1,48139.49,-5367.80,8248.05,49135.06
400.0,-79.9,130.1,48736.31,-2999.66,8828.30,49620.21
400.0,-79.9,140.1,49100.83,-586.98,8964.10,49915.84
400.0,-79.9,150.1,49232.32,1775.84,8675.16,50022.33
400.0,-79.9,160.1,49139.71,4007.96,7998.50,49947.48
400.0,-79.9,170.1,48838.73,6044.88,6982.40,49704.29
400.0,-74.9,-179.9,49913.32,8026.41,2559.11,50619.29
400.0,-74.9,-169.9,48909.57,9373.38,1059.81,49810.94
400.0,-74.9,-159.9,47733.94,10431.26,-551.59,48863.53
400.0,-74.9,-149.9,46414.58,11201.91,-2239.79,47799.71
400.0,-74.9,-139.9,44976.65,11683.20,-3977.21,46639.19
400.0,-74.9,-129.9,43446.11,11865.33,-5737.59,45401.21
400.0,-74.9,-119.9,41853.86,11732.28,-7488.46,44107.47
400.0,-74.9,-109.9,40238.92,11268.79,-9185.25,42784.63
400.0,-74.9,-99.9,38648.50,10471.17,-10770.40,41465.09
400.0,-74.9,-89.9,37134.50,9357.81,-12179.68,40185.62
400.0,-74.9,-79.9,35746.84,7973.88,-13354.18,38984.02
400.0,-74.9,-69.9,34526.43,6386.83,-14254.04,37895.17
400.0,-74.9,-59.9,33500.41,4672.70,-14867.43,36947.96
400.0,-74.9,-49.9,32682.23,2898.70,-15210.08,36164.58
400.0,-74.9,-39.9,32076.48,1109.20,-15314.88,35562.29
400.0,-74.9,-29.9,31686.36,-678.51,-15215.66,35156.82
400.0,-74.9,-19.9,31520.41,-2467.25,-14931.86,34965.47
400.0,-74.9,-9.9,31595.63,-4264.74,-14459.88,35008.00
400.0,-74.9,0.1,31935.70,-6066.25,-13774.19,35304.62
400.0,-74.9,10.1,32565.08,-7840.99,-12836.91,35871.32
400.0,-74.9,20.1,33500.72,-9526.35,-11612.90,36713.88
400.0,-74.9,30.1,34743.85,-11031.52,-10085.59,37822.59
400.0,-74.9,40.1,36273.90,-12249.32,-8269.32,39169.16
400.0,-74.9,50.1,38046.20,-13073.01,-6214.87,40706.78
400.0,-74.9,60.1,39993.46,-13413.63,-4007.17,42372.87
400.0,-74.9,70.1,42030.58,-13214.02,-1756.63,44093.83
400.0,-74.9,80.1,44061.81,-12457.49,413.33,45790.86
400.0,-74.9,90.1,45989.04,-11170.68,2380.16,47386.09
400.0,-74.9,100.1,47720.64,-9420.85,4035.35,48808.77
400.0,-74.9,110.1,49179.59,-7308.15,5295.49,50000.84
400.0,-74.9,120.1,50310.04,-4953.73,6109.62,50921.18
400.0,-74.9,130.1,51080.75,-2485.68,6461.65,51547.79
400.0,-74.9,140.1,51484.97,-25.40,6367.68,51877.26
400.0,-74.9,150.1,51537.07,2323.21,5869.33,51922.21
400.0,-74.9,160.1,51266.57,4480.16,5024.87,51706.70
400.0,-74.9,170.1,50711.77,6391.35,3899.90,51261.51
400.0,-69.9,-179.9,50588.12,8129.79,-728.87,51242.39
400.0,-69.9,-169.9,49250.20,9292.48,-2137.60,50164.75
400.0,-69.9,-159.9,47739.77,10184.00,-3591.79,48945.89
400.0,-69.9,-149.9,46083.59,10825.24,-5068.63,47608.55
400.0,-69.9,-139.9,44298.81,11225.29,-6559.20,46167.25
400.0,-69.9,-129.9,42401.38,11373.49,-8059.24,44633.89
400.0,-69.9,-119.9,40416.94,11239.03,-9556.10,43025.15
400.0,-69.9,-109.9,38390.26,10781.50,-11015.75,41369.06
400.0,-69.9,-99.9,36388.24,9971.66,-12376.91,39708.00
400.0,-69.9,-89.9,34493.48,8814.96,-13558.55,38096.43
400.0,-69.9,-79.9,32788.20,7365.78,-14480.88,36592.58
400.0,-69.9,-69.9,31335.12,5722.36,-15092.26,35247.86
400.0,-69.9,-59.9,30164.03,4001.05,-15388.88,34098.31
400.0,-69.9,-49.9,29271.52,2300.37,-15416.11,33162.78
400.0,-69.9,-39.9,28634.13,671.70,-15249.22,32448.47
400.0,-69.9,-29.9,28229.21,-889.31,-14962.41,31961.75
400.0,-69.9,-19.9,28053.03,-2427.97,-14600.55,31718.19
400.0,-69.9,-9.9,28129.01,-4000.84,-14164.25,31747.03
400.0,-69.9,0.1,28503.73,-5643.95,-13611.98,32087.43
400.0,-69.9,10.1,29233.47,-7348.79,-12875.82,32777.85
400.0,-69.9,20.1,30366.26,-9052.06,-11885.47,33842.49
400.0,-69.9,30.1,31924.19,-10641.21,-10593.74,35279.12
400.0,-69.9,40.1,33890.98,-11974.01,-8996.28,37052.78
400.0,-69.9,50.1,36207.51,-12906.40,-7139.60,39096.45
400.0,-69.9,60.1,38775.95,-13319.63,-5116.02,41317.80
400.0,-69.9,70.1,41469.96,-13139.57,-3048.79,43608.50
400.0,-69.9,80.1,44147.27,-12345.99,-1073.89,45853.66
400.0,-69.9,90.1,46663.11,-10973.63,677.46,47940.85
400.0,-69.9,100.1,48884.05,-9107.49,2093.95,49769.28
400.0,-69.9,110.1,50701.70,-6872.03,3096.46,51258.90
400.0,-69.9,120.1,52043.62,-4414.60,3645.56,52357.59
400.0,-69.9,130.1,52878.75,-1885.64,3742.08,53044.52
400.0,-69.9,140.1,53215.17,579.35,3420.92,53328.16
400.0,-69.9,150.1,53092.27,2872.28,2740.90,53240.50
400.0,-69.9,160.1,52569.08,4918.04,1773.68,52828.41
400.0,-69.9,170.1,51712.73,6674.76,593.97,52145.10
400.0,-64.9,-179.9,50396.98,8148.69,-4005.19,51208.38
400.0,-64.9,-169.9,48757.69,9128.54,-5280.30,49885.11
400.0,-64.9,-159.9,46968.68,9855.13,-6544.80,48435.68
400.0,-64.9,-149.9,45052.07,10368.08,-7783.12,46880.31
400.0,-64.9,-139.9,43010.61,10690.37,-8999.14,45223.67
400.0,-64.9,-129.9,40840.62,10814.24,-10207.49,43463.75
400.0,-64.9,-119.9,38551.28,10695.29,-11416.78,41604.49
400.0,-64.9,-109.9,36185.63,10263.36,-12608.50,39670.02
400.0,-64.9,-99.9,33831.68,9453.93,-13722.40,37712.91
400.0,-64.9,-89.9,31613.65,8249.96,-14661.53,35811.24
400.0,-64.9,-79.9,29661.84,6712.34,-15321.10,34053.14
400.0,-64.9,-69.9,28072.43,4977.61,-15631.50,32514.33
400.0,-64.9,-59.9,26877.52,3216.97,-15593.02,31239.27
400.0,-64.9,-49.9,26042.45,1573.65,-15281.18,30235.74
400.0,-64.9,-39.9,25493.49,111.30,-14817.05,29486.86
400.0,-64.9,-29.9,25161.95,-1199.61,-14318.41,28975.50
400.0,-64.9,-19.9,25021.00,-2454.43,-13857.42,28707.19
400.0,-64.9,-9.9,25100.30,-3765.56,-13441.21,28720.56
400.0,-64.9,0.1,25477.09,-5214.97,-13015.87,29080.77
400.0,-64.9,10.1,26251.91,-6820.06,-12486.96,29859.68
400.0,-64.9,20.1,27517.07,-8517.93,-11750.70,31109.86
400.0,-64.9,30.1,29325.75,-10171.77,-10729.28,32841.77
400.0,-64.9,40.1,31669.59,-11599.57,-9399.80,35012.42
400.0,-64.9,50.1,34472.18,-12616.70,-7805.89,37529.24
400.0,-64.9,60.1,37598.78,-13076.11,-6048.31,40264.56
400.0,-64.9,70.1,40876.31,-12892.84,-4260.92,43072.66
400.0,-64.9,80.1,44113.84,-12049.98,-2585.02,45803.01
400.0,-64.9,90.1,47120.39,-10594.74,-1149.67,48310.47
400.0,-64.9,100.1,49722.57,-8631.13,-57.25,50466.17
400.0,-64.9,110.1,51784.19,-6307.03,628.09,52170.63
400.0,-64.9,120.1,53222.82,-3792.33,886.14,53365.11
400.0,-64.9,130.1,54016.12,-1253.10,736.98,54035.68
400.0,-64.9,140.1,54195.58,1169.55,229.90,54208.69
400.0,-64.9,150.1,53831.12,3370.53,-569.40,53939.55
400.0,-64.9,160.1,53013.67,5282.90,-1588.85,53299.93
400.0,-64.9,170.1,51839.36,6875.43,-2756.37,52365.91
400.0,-59.9,-179.9,49436.07,8090.30,-7136.94,50599.54
400.0,-59.9,-169.9,47538.09,8902.02,-8249.99,49063.00
400.0,-59.9,-159.9,45527.58,9473.70,-9312.84,47426.16
400.0,-59.9,-149.9,43423.68,9861.07,-10310.61,45707.39
400.0,-59.9,-139.9,41214.32,10102.58,-11250.74,43900.58
400.0,-59.9,-129.9,38870.64,10199.26,-12158.10,41985.37
400.0,-59.9,-119.9,36375.36,10099.32,-13059.23,39946.30
400.0,-59.9,-109.9,33759.00,9704.17,-13954.92,37796.57
400.0,-59.9,-99.9,31126.75,8908.23,-14794.58,35596.50
400.0,-59.9,-89.9,28651.14,7662.36,-15473.41,33451.84
400.0,-59.9,-79.9,26525.04,6027.70,-15864.86,31489.76
400.0,-59.9,-69.9,24891.62,4181.74,-15879.16,29819.92
400.0,-59.9,-59.9,23787.51,2360.93,-15516.23,28498.64
400.0,-59.9,-49.9,23134.02,763.65,-14877.62,27515.63
400.0,-59.9,-39.9,22786.11,-530.96,-14126.03,26814.80
400.0,-59.9,-29.9,22610.68,-1580.72,-13417.66,26339.61
400.0,-59.9,-19.9,22549.03,-2534.20,-12848.70,26076.23
400.0,-59.9,-9.9,22636.45,-3560.15,-12435.63,26071.60
400.0,-59.9,0.1,22985.49,-4787.55,-12121.26,26423.07
400.0,-59.9,10.1,23749.69,-6263.82,-11794.34,27246.82
400.0,-59.9,20.1,25077.38,-7930.71,-11322.89,28635.28
400.0,-59.9,30.1,27063.11,-9627.58,-10598.83,30617.59
400.0,-59.9,40.1,29710.49,-11128.92,-9578.95,33140.95
400.0,-59.9,50.1,32921.68,-12205.67,-8303.01,36079.85
400.0,-59.9,60.1,36516.76,-12683.81,-6880.10,39264.34
400.0,-59.9,70.1,40270.55,-12474.79,-5452.55,42509.62
400.0,-59.9,80.1,43944.97,-11573.46,-4160.15,45633.46
400.0,-59.9,90.1,47308.98,-10044.30,-3119.26,48463.98
400.0,-59.9,100.1,50156.63,-8011.41,-2411.65,50849.64
400.0,-59.9,110.1,52332.66,-5644.13,-2075.63,52677.05
400.0,-59.9,120.1,53755.12,-3128.71,-2105.01,53887.22
400.0,-59.9,130.1,54420.09,-636.29,-2460.70,54479.41
400.0,-59.9,140.1,54387.20,1697.64,-3087.57,54501.22
400.0,-59.9,150.1,53755.88,3778.66,-3926.81,54031.41
400.0,-59.9,160.1,52642.85,5549.34,-4920.33,53162.72
400.0,-59.9,170.1,51166.66,6984.50,-6009.81,51989.69
400.0,-54.9,-179.9,47835.66,7965.12,-10055.77,49525.87
400.0,-54.9,-169.9,45725.26,8631.86,-10989.70,47812.99
400.0,-54.9,-159.9,43543.88,9066.08,-11851.93,46029.68
400.0,-54.9,-149.9,41312.31,9334.69,-12624.60,44195.29
400.0,-54.9,-139.9,39009.35,9490.10,-13309.70,42295.86
400.0,-54.9,-129.9,36583.40,9547.06,-13930.45,40293.29
400.0,-54.9,-119.9,33984.83,9455.98,-14522.40,38148.19
400.0,-54.9,-109.9,31220.48,9097.49,-15105.46,35856.07
400.0,-54.9,-99.9,28402.07,8324.97,-15648.00,33478.99
400.0,-54.9,-89.9,25748.49,7049.35,-16050.50,31149.59
400.0,-54.9,-79.9,23523.61,5322.74,-16173.92,29039.41
400.0,-54.9,-69.9,21929.82,3361.10,-15910.35,27301.16
400.0,-54.9,-59.9,21013.24,1471.60,-15255.86,26008.90
400.0,-54.9,-49.9,20643.03,-86.12,-14330.97,25130.04
400.0,-54.9,-39.9,20587.20,-1217.02,-13329.10,24555.63
400.0,-54.9,-29.9,20636.55,-2009.52,-12431.91,24175.56
400.0,-54.9,-19.9,20695.80,-2662.45,-11751.35,23947.84
400.0,-54.9,-9.9,20803.23,-3393.28,-11317.33,23924.27
400.0,-54.9,0.1,21103.78,-4375.14,-11084.05,24235.67
400.0,-54.9,10.1,21806.03,-5691.39,-10939.09,25051.12
400.0,-54.9,20.1,23123.80,-7297.07,-10731.10,26516.29
400.0,-54.9,30.1,25204.61,-9011.99,-10322.81,28688.82
400.0,-54.9,40.1,28070.24,-10565.50,-9646.43,31505.90
400.0,-54.9,50.1,31598.22,-11679.53,-8732.45,34801.07
400.0,-54.9,60.1,35554.05,-12152.23,-7695.20,38353.40
400.0,-54.9,70.1,39654.14,-11897.95,-6683.37,41936.61
400.0,-54.9,80.1,43616.88,-10932.29,-5830.43,45342.49
400.0,-54.9,90.1,47181.69,-9342.21,-5232.39,48381.47
400.0,-54.9,100.1,50122.84,-7273.52,-4941.20,50888.29
400.0,-54.9,110.1,52280.31,-4915.22,-4959.53,52744.55
400.0,-54.9,120.1,53587.04,-2461.07,-5248.69,53899.69
400.0,-54.9,130.1,54065.91,-72.87,-5753.98,54371.29
400.0,-54.9,140.1,53803.87,2131.96,-6426.54,54228.24
400.0,-54.9,150.1,52920.75,4075.31,-7228.67,53567.41
400.0,-54.9,160.1,51546.27,5707.76,-8127.70,52494.34
400.0,-54.9,170.1,49810.16,7003.22,-9085.81,51114.08
400.0,-49.9,-179.9,45717.74,7784.06,-12754.52,48097.62
400.0,-49.9,-169.9,43442.62,8331.67,-13499.52,46248.40
400.0,-49.9,-159.9,41133.46,8651.05,-14166.47,44356.41
400.0,-49.9,-149.9,38816.81,8813.62,-14735.68,42444.85
400.0,-49.9,-139.9,36472.26,8880.12,-15198.65,40497.92
400.0,-49.9,-129.9,34035.81,8880.71,-15565.49,38465.41
400.0,-49.9,-119.9,31428.65,8778.07,-15868.31,36285.22
400.0,-49.9,-109.9,28625.29,8445.12,-16141.20,33930.30
400.0,-49.9,-99.9,25728.04,7700.62,-16378.20,31455.95
400.0,-49.9,-89.9,22989.48,6410.25,-16498.50,29013.93
400.0,-49.9,-79.9,20744.18,4606.11,-16361.65,26818.67
400.0,-49.9,-69.9,19262.92,2536.66,-15846.71,25072.15
400.0,-49.9,-59.9,18607.62,581.03,-14945.47,23873.59
400.0,-49.9,-49.9,18591.98,-938.67,-13790.81,23167.42
400.0,-49.9,-39.9,18890.19,-1915.18,-12592.49,22783.28
400.0,-49.9,-29.9,19215.90,-2469.30,-11538.92,22549.83
400.0,-49.9,-19.9,19439.02,-2840.68,-10745.58,22392.24
400.0,-49.9,-9.9,19594.19,-3279.33,-10259.55,22359.44
400.0,-49.9,0.1,19844.76,-3995.82,-10064.19,22606.83
400.0,-49.9,10.1,20446.89,-5117.34,-10065.72,23357.68
400.0,-49.9,20.1,21685.84,-6624.84,-10106.43,24825.48
400.0,-49.9,30.1,23774.48,-8327.37,-10023.48,27111.64
400.0,-49.9,40.1,26762.80,-9911.46,-9718.60,30148.56
400.0,-49.9,50.1,30505.18,-11045.80,-9201.85,33723.14
400.0,-49.9,60.1,34704.36,-11496.29,-8584.38,37553.29
400.0,-49.9,70.1,39010.56,-11183.62,-8017.72,41366.43
400.0,-49.9,80.1,43102.22,-10151.98,-7627.01,44933.68
400.0,-49.9,90.1,46701.92,-8515.83,-7485.43,48058.51
400.0,-49.9,100.1,49580.03,-6445.93,-7611.14,50573.30
400.0,-49.9,110.1,51591.53,-4150.58,-7964.06,52367.35
400.0,-49.9,120.1,52702.37,-1819.76,-8468.36,53409.40
400.0,-49.9,130.1,52967.76,412.30,-9059.92,53738.59
400.0,-49.9,140.1,52492.72,2458.06,-9710.29,53439.85
400.0,-49.9,150.1,51402.03,4257.02,-10414.80,52619.00
400.0,-49.9,160.1,49822.59,5762.82,-11171.60,51383.90
400.0,-49.9,170.1,47883.42,6940.52,-11964.01,49841.05
400.0,-44.9,-179.9,43165.27,7557.42,-15265.65,46404.68
400.0,-44.9,-169.9,40774.48,8009.34,-15817.16,44462.24
400.0,-44.9,-159.9,38376.64,8237.97,-16292.92,42498.12
400.0,-44.9,-149.9,36004.46,8312.40,-16676.11,40540.22
400.0,-44.9,-139.9,33648.30,8293.13,-16948.63,38577.71
400.0,-44.9,-129.9,31248.24,8222.75,-17101.24,36558.43
400.0,-44.9,-119.9,28708.88,8084.20,-17151.12,34405.16
400.0,-44.9,-109.9,25969.89,7758.58,-17138.31,32067.94
400.0,-44.9,-99.9,23105.20,7041.23,-17084.02,29585.35
400.0,-44.9,-89.9,20380.10,5749.61,-16934.23,27114.11
400.0,-44.9,-79.9,18192.66,3884.93,-16555.10,24902.55
400.0,-44.9,-69.9,16887.40,1722.00,-15818.82,23203.12
400.0,-44.9,-59.9,16546.51,-288.87,-14717.06,22146.39
400.0,-44.9,-49.9,16927.03,-1767.09,-13392.03,21656.26
400.0,-44.9,-39.9,17611.63,-2601.65,-12056.02,21500.83
400.0,-44.9,-29.9,18248.73,-2947.92,-10884.61,21451.83
400.0,-44.9,-19.9,18683.53,-3071.88,-9982.61,21404.75
400.0,-44.9,-9.9,18937.20,-3233.14,-9415.00,21394.23
400.0,-44.9,0.1,19165.25,-3668.94,-9209.45,21577.34
400.0,-44.9,10.1,19652.42,-4558.18,-9311.44,22219.30
400.0,-44.9,20.1,20754.65,-5922.65,-9574.52,23611.54
400.0,-44.9,30.1,22760.93,-7574.34,-9818.64,25919.81
400.0,-44.9,40.1,25764.21,-9165.58,-9909.49,29086.08
400.0,-44.9,50.1,29606.48,-10309.77,-9820.32,32852.30
400.0,-44.9,60.1,33925.71,-10732.27,-9643.93,36866.53
400.0,-44.9,70.1,38298.23,-10358.39,-9527.82,40802.33
400.0,-44.9,80.1,42363.62,-9265.29,-9588.72,44412.45
400.0,-44.9,90.1,45838.21,-7598.59,-9880.96,47502.78
400.0,-44.9,100.1,48503.84,-5559.29,-10392.36,49915.22
400.0,-44.9,110.1,50254.09,-3377.86,-11037.72,51562.73
400.0,-44.9,120.1,51110.11,-1227.65,-11701.56,52446.90
400.0,-44.9,130.1,51160.57,806.27,-12317.83,52628.73
400.0,-44.9,140.1,50510.63,2675.91,-12892.17,52198.59
400.0,-44.9,150.1,49270.16,4334.03,-13460.65,51259.35
400.0,-44.9,160.1,47548.84,5729.28,-14051.37,49911.50
400.0,-44.9,170.1,45466.90,6810.29,-14663.76,48256.04
400.0,-39.9,-179.9,40210.62,7295.19,-17631.23,44508.13
400.0,-39.9,-169.9,37753.33,7668.89,-17990.28,42517.95
400.0,-39.9,-159.9,35306.30,7827.81,-18276.25,40519.51
400.0,-39.9,-149.9,32904.20,7834.03,-18480.84,38543.48
400.0,-39.9,-139.9,30554.15,7738.72,-18583.00,36589.23
400.0,-39.9,-129.9,28217.13,7590.06,-18556.04,34614.19
400.0,-39.9,-119.9,25799.93,7394.96,-18396.60,32538.54
400.0,-39.9,-109.9,23211.33,7057.68,-18142.27,30293.88
400.0,-39.9,-99.9,20479.17,6362.77,-17836.31,27892.93
400.0,-39.9,-89.9,17858.43,5077.98,-17450.06,25479.68
400.0,-39.9,-79.9,15802.26,3165.47,-16857.95,23322.14
400.0,-39.9,-69.9,14730.96,923.65,-15931.93,21718.21
400.0,-39.9,-59.9,14745.32,-1127.08,-14671.61,20831.49
400.0,-39.9,-49.9,15542.57,-2556.23,-13228.79,20569.56
400.0,-39.9,-39.9,16622.89,-3261.31,-11808.38,20649.32
400.0,-39.9,-29.9,17592.74,-3435.01,-10559.47,20804.00
400.0,-39.9,-19.9,18291.04,-3354.11,-9565.05,20911.77
400.0,-39.9,-9.9,18715.82,-3262.37,-8903.05,20980.69
400.0,-39.9,0.1,18980.46,-3409.09,-8650.44,21135.51
400.0,-39.9,10.1,19367.32,-4028.94,-8807.71,21654.13
400.0,-39.9,20.1,20291.24,-5198.82,-9260.41,22902.34
400.0,-39.9,30.1,22122.20,-6752.17,-9825.52,25130.15
400.0,-39.9,40.1,25015.53,-8323.59,-10330.00,28315.50
400.0,-39.9,50.1,28824.84,-9473.11,-10692.88,32170.62
400.0,-39.9,60.1,33133.00,-9874.75,-10968.65,36271.44
400.0,-39.9,70.1,37438.10,-9450.70,-11288.94,40228.93
400.0,-39.9,80.1,41339.26,-8309.58,-11761.60,43775.78
400.0,-39.9,90.1,44549.95,-6628.65,-12431.34,46724.46
400.0,-39.9,100.1,46873.06,-4646.45,-13266.69,48935.45
400.0,-39.9,110.1,48265.15,-2622.70,-14141.67,50362.59
400.0,-39.9,120.1,48828.23,-701.46,-14901.87,51056.38
400.0,-39.9,130.1,48681.65,1104.81,-15486.64,51097.55
400.0,-39.9,140.1,47905.29,2794.48,-15946.27,50566.88
400.0,-39.9,150.1,46572.89,4324.00,-16360.26,49551.88
400.0,-39.9,160.1,44766.94,5626.84,-16780.69,48138.68
400.0,-39.9,170.1,42596.07,6628.78,-17215.31,46419.10
400.0,-34.9,-179.9,36843.70,7007.25,-19874.83,42444.89
400.0,-34.9,-169.9,34366.47,7312.65,-20048.03,40453.09
400.0,-34.9,-159.9,31913.10,7416.14,-20144.67,38461.06
400.0,-34.9,-149.9,29513.01,7371.99,-20169.07,36498.71
400.0,-34.9,-139.9,27188.99,7215.49,-20107.05,34577.42
400.0,-34.9,-129.9,24933.44,6991.42,-19924.05,32672.99
400.0,-34.9,-119.9,22673.60,6729.50,-19598.90,30716.37
400.0,-34.9,-109.9,20295.52,6367.20,-19161.04,28628.56
400.0,-34.9,-99.9,17769.29,5688.13,-18663.89,26390.21
400.0,-34.9,-89.9,15323.48,4410.31,-18092.86,24116.62
400.0,-34.9,-79.9,13462.09,2454.24,-17327.77,22079.46
400.0,-34.9,-69.9,12679.99,144.31,-16247.82,20610.55
400.0,-34.9,-59.9,13086.64,-1930.62,-14868.82,19901.49
400.0,-34.9,-49.9,14312.72,-3301.92,-13351.52,19849.93
400.0,-34.9,-39.9,15787.94,-3887.64,-11888.48,20142.21
400.0,-34.9,-29.9,17103.60,-3919.81,-10601.51,20500.98
400.0,-34.9,-19.9,18114.43,-3674.72,-9549.93,20804.74
400.0,-34.9,-9.9,18790.88,-3359.68,-8813.96,21025.47
400.0,-34.9,0.1,19171.88,-3218.98,-8508.24,21220.58
400.0,-34.9,10.1,19498.83,-3538.78,-8691.64,21639.59
400.0,-34.9,20.1,20219.24,-4460.76,-9301.17,22698.63
400.0,-34.9,30.1,21779.22,-5862.08,-10169.38,24740.95
400.0,-34.9,40.1,24418.60,-7382.98,-11088.32,27815.96
400.0,-34.9,50.1,28039.31,-8536.91,-11911.64,31638.09
400.0,-34.9,60.1,32193.44,-8936.30,-12636.69,35720.60
400.0,-34.9,70.1,36305.32,-8487.95,-13363.16,39606.76
400.0,-34.9,80.1,39930.12,-7323.38,-14186.17,43003.42
400.0,-34.9,90.1,42772.25,-5646.95,-15150.71,45726.33
400.0,-34.9,100.1,44654.50,-3742.58,-16221.83,47656.89
400.0,-34.9,110.1,45617.34,-1910.30,-17244.27,48805.29
400.0,-34.9,120.1,45870.36,-254.30,-18030.99,49287.64
400.0,-34.9,130.1,45558.74,1308.41,-18533.54,49201.65
400.0,-34.9,140.1,44707.08,2826.33,-18852.04,48601.55
400.0,-34.9,150.1,43332.81,4246.08,-19106.65,47548.14
400.0,-34.9,160.1,41486.97,5475.17,-19364.60,46110.02
400.0,-34.9,170.1,39269.00,6412.00,-19633.60,44369.43
400.0,-29.9,-179.9,33034.26,6702.52,-21982.89,40242.19
400.0,-29.9,-169.9,30578.84,6942.60,-21981.25,38294.12
400.0,-29.9,-159.9,28166.39,6996.87,-21891.37,36352.91
400.0,-29.9,-149.9,25813.19,6915.57,-21731.92,34444.48
400.0,-29.9,-139.9,23548.80,6715.30,-21505.36,32590.21
400.0,-29.9,-129.9,21397.21,6428.89,-21181.74,30786.96
400.0,-29.9,-119.9,19316.87,6103.67,-20731.41,28985.98
400.0,-29.9,-109.9,17179.48,5712.56,-20173.64,27106.16
400.0,-29.9,-99.9,14896.35,5042.05,-19556.10,25095.11
400.0,-29.9,-89.9,12667.86,3762.93,-18860.86,23029.68
400.0,-29.9,-79.9,11050.69,1759.55,-17971.04,21170.08
400.0,-29.9,-69.9,10608.07,-611.82,-16782.72,19863.67
400.0,-29.9,-59.9,11442.07,-2698.72,-15331.43,19319.85
400.0,-29.9,-49.9,13110.71,-4006.93,-13779.63,19437.71
400.0,-29.9,-39.9,14984.67,-4480.65,-12306.45,19901.39
400.0,-29.9,-29.9,16657.84,-4389.71,-11020.67,20450.14
400.0,-29.9,-19.9,18015.94,-4007.71,-9969.46,20976.80
400.0,-29.9,-9.9,19006.45,-3498.18,-9221.99,21413.25
400.0,-29.9,0.1,19577.73,-3084.19,-8901.21,21726.29
400.0,-29.9,10.1,19894.43,-3087.67,-9109.67,22097.70
400.0,-29.9,20.1,20397.62,-3716.06,-9846.99,22952.89
400.0,-29.9,30.1,21592.72,-4912.86,-10981.11,24717.74
400.0,-29.9,40.1,23824.34,-6350.84,-12282.08,27546.00
400.0,-29.9,50.1,27085.12,-7508.18,-13540.98,31198.31
400.0,-29.9,60.1,30932.37,-7930.11,-14688.30,35148.89
400.0,-29.9,70.1,34733.24,-7495.12,-15774.93,38877.03
400.0,-29.9,80.1,37998.48,-6342.69,-16873.96,42057.64
400.0,-29.9,90.1,40408.90,-4694.29,-18035.40,44499.34
400.0,-29.9,100.1,41794.45,-2884.85,-19235.28,46098.75
400.0,-29.9,110.1,42292.16,-1266.92,-20306.75,46931.82
400.0,-29.9,120.1,42242.29,101.99,-21044.51,47194.20
400.0,-29.9,130.1,41809.33,1419.17,-21418.85,46997.89
400.0,-29.9,140.1,40932.67,2783.62,-21578.45,46355.81
400.0,-29.9,150.1,39556.46,4116.72,-21675.89,45293.54
400.0,-29.9,160.1,37701.89,5290.27,-21783.19,43862.59
400.0,-29.9,170.1,35465.79,6173.22,-21901.42,42137.91
400.0,-24.9,-179.9,28761.38,6387.89,-23899.80,37937.09
400.0,-24.9,-169.9,26364.47,6561.14,-23737.49,36077.72
400.0,-24.9,-159.9,24043.82,6566.09,-23470.28,34235.55
400.0,-24.9,-149.9,21794.72,6456.42,-23131.67,32430.99
400.0,-24.9,-139.9,19638.97,6230.24,-22746.50,30690.53
400.0,-24.9,-129.9,17622.87,5901.93,-22299.12,29028.42
400.0,-24.9,-119.9,15735.69,5529.65,-21762.19,27418.64
400.0,-24.9,-109.9,13840.25,5115.40,-21145.40,25784.64
400.0,-24.9,-99.9,11800.78,4445.40,-20474.76,24046.53
400.0,-24.9,-89.9,9804.08,3150.30,-19713.44,22241.05
400.0,-24.9,-79.9,8463.63,1092.52,-18751.55,20602.12
400.0,-24.9,-69.9,8396.95,-1334.54,-17513.89,19468.59
400.0,-24.9,-59.9,9683.46,-3426.49,-16051.67,19056.92
400.0,-24.9,-49.9,11811.43,-4674.21,-14513.54,19287.33
400.0,-24.9,-39.9,14101.36,-5041.71,-13064.97,19873.62
400.0,-24.9,-29.9,16146.10,-4829.03,-11825.39,20587.76
400.0,-24.9,-19.9,17859.15,-4315.95,-10851.30,21338.40
400.0,-24.9,-9.9,19178.14,-3633.57,-10189.83,22019.01
400.0,-24.9,0.1,19973.32,-2973.52,-9932.69,22504.08
400.0,-24.9,10.1,20314.31,-2666.52,-10193.74,22884.36
400.0,-24.9,20.1,20591.55,-2974.62,-11032.65,23549.52
400.0,-24.9,30.1,21341.60,-3925.79,-12369.60,24977.64
400.0,-24.9,40.1,23025.42,-5250.84,-13974.98,27441.60
400.0,-24.9,50.1,25762.11,-6406.75,-15597.13,30789.66
400.0,-24.9,60.1,29152.81,-6874.27,-17104.59,34492.16
400.0,-24.9,70.1,32536.25,-6494.84,-18487.34,37981.21
400.0,-24.9,80.1,35386.05,-5398.14,-19782.54,40898.19
400.0,-24.9,90.1,37343.84,-3808.03,-21039.96,43031.89
400.0,-24.9,100.1,38226.55,-2110.65,-22253.87,44282.71
400.0,-24.9,110.1,38268.21,-719.90,-23267.21,44792.16
400.0,-24.9,120.1,37952.16,355.86,-23878.95,44840.80
400.0,-24.9,130.1,37453.35,1439.17,-24084.91,44552.30
400.0,-24.9,140.1,36599.84,2676.12,-24074.00,43889.26
400.0,-24.9,150.1,35252.07,3947.61,-24018.45,42838.98
400.0,-24.9,160.1,33409.16,5082.43,-23984.70,41439.94
400.0,-24.9,170.1,31174.34,5921.22,-23963.83,39763.88
400.0,-19.9,-179.9,24041.38,6068.01,-25536.94,35594.16
400.0,-19.9,-169.9,21735.11,6171.96,-25231.46,33869.38
400.0,-19.9,-159.9,19556.93,6125.24,-24807.23,32177.49
400.0,-19.9,-149.9,17473.04,5993.93,-24311.35,30533.20
400.0,-19.9,-139.9,15480.89,5758.80,-23791.26,28962.84
400.0,-19.9,-129.9,13635.65,5412.04,-23248.31,27490.09
400.0,-19.9,-119.9,11947.77,5016.32,-22664.06,26106.95
400.0,-19.9,-109.9,10272.52,4589.96,-22039.50,24745.34
400.0,-19.9,-99.9,8449.84,3910.90,-21367.81,23308.33
400.0,-19.9,-89.9,6679.26,2582.56,-20586.78,21796.74
400.0,-19.9,-79.9,5629.82,466.60,-19604.90,20402.56
400.0,-19.9,-69.9,5950.21,-2006.56,-18387.58,19430.24
400.0,-19.9,-59.9,7690.27,-4100.85,-16992.03,19096.76
400.0,-19.9,-49.9,10287.45,-5299.09,-15534.03,19370.55
400.0,-19.9,-39.9,13018.15,-5566.03,-14163.55,20026.46
400.0,-19.9,-29.9,15445.60,-5217.98,-13029.79,20870.30
400.0,-19.9,-19.9,17484.28,-4558.19,-12218.84,21812.32
400.0,-19.9,-9.9,19079.00,-3714.37,-11751.57,22713.52
400.0,-19.9,0.1,20065.49,-2846.67,-11653.30,23377.92
400.0,-19.9,10.1,20429.41,-2261.22,-12008.94,23805.22
400.0,-19.9,20.1,20473.54,-2250.36,-12921.22,24314.36
400.0,-19.9,30.1,20728.92,-2935.26,-14372.83,25394.52
400.0,-19.9,40.1,21769.35,-4124.19,-16162.30,27425.05
400.0,-19.9,50.1,23857.41,-5267.97,-18027.79,30363.28
400.0,-19.9,60.1,26667.98,-5794.81,-19794.92,33713.50
400.0,-19.9,70.1,29547.19,-5508.53,-21390.53,36890.85
400.0,-19.9,80.1,31950.21,-4513.50,-22801.45,39510.68
400.0,-19.9,90.1,33471.91,-3019.08,-24061.76,41333.42
400.0,-19.9,100.1,33896.99,-1454.33,-25181.15,42251.76
400.0,-19.9,110.1,33542.73,-295.14,-26033.47,42461.09
400.0,-19.9,120.1,33029.89,497.22,-26449.74,42317.96
400.0,-19.9,130.1,32531.72,1370.33,-26456.73,41954.14
400.0,-19.9,140.1,31747.38,2510.17,-26268.35,41282.24
400.0,-19.9,150.1,30451.66,3744.58,-26061.34,40255.67
400.0,-19.9,160.1,28634.89,4855.69,-25889.57,38907.64
400.0,-19.9,170.1,26416.24,5659.82,-25734.87,37311.32
400.0,-14.9,-179.9,18946.65,5745.97,-26793.71,33315.09
400.0,-14.9,-169.9,16757.25,5781.37,-26367.25,31772.02
400.0,-14.9,-159.9,14764.49,5682.94,-25820.04,30281.35
400.0,-14.9,-149.9,12896.82,5537.53,-25209.39,28853.18
400.0,-14.9,-139.9,11112.99,5308.97,-24599.65,27510.48
400.0,-14.9,-129.9,9465.52,4965.68,-24004.98,26277.24
400.0,-14.9,-119.9,7972.97,4570.10,-23415.34,25154.17
400.0,-14.9,-109.9,6482.30,4141.77,-22821.19,24082.79
400.0,-14.9,-99.9,4837.38,3441.75,-22180.16,22960.95
400.0,-14.9,-89.9,3278.17,2064.68,-21410.29,21757.99
400.0,-14.9,-79.9,2516.98,-104.88,-20454.33,20608.87
400.0,-14.9,-69.9,3203.26,-2606.97,-19326.99,19763.34
400.0,-14.9,-59.9,5361.96,-4700.73,-18082.78,19437.96
400.0,-14.9,-49.9,8413.29,-5863.88,-16791.54,19675.48
400.0,-14.9,-39.9,11594.48,-6036.04,-15582.01,20338.75
400.0,-14.9,-29.9,14396.27,-5532.67,-14633.12,21260.09
400.0,-14.9,-19.9,16691.32,-4698.91,-14065.84,22327.74
400.0,-14.9,-9.9,18445.39,-3696.98,-13878.31,23377.50
400.0,-14.9,0.1,19523.04,-2667.12,-14014.66,24180.02
400.0,-14.9,10.1,19867.75,-1859.05,-14498.26,24665.42
400.0,-14.9,20.1,19675.03,-1561.13,-15448.97,25064.21
400.0,-14.9,30.1,19430.87,-1983.57,-16912.89,25836.78
400.0,-14.9,40.1,19800.20,-3023.18,-18743.00,27431.51
400.0,-14.9,50.1,21182.39,-4138.97,-20702.29,29906.68
400.0,-14.9,60.1,23339.37,-4725.44,-22600.22,32830.26
400.0,-14.9,70.1,25658.77,-4557.49,-24309.95,35638.70
400.0,-14.9,80.1,27606.29,-3705.67,-25759.17,37939.09
400.0,-14.9,90.1,28738.52,-2349.25,-26945.94,39465.24
400.0,-14.9,100.1,28796.80,-942.45,-27883.78,40095.50
400.0,-14.9,110.1,28154.95,-12.53,-28493.60,40057.29
400.0,-14.9,120.1,27543.83,520.10,-28664.95,39756.92
400.0,-14.9,130.1,27120.21,1214.95,-28456.71,39328.95
400.0,-14.9,140.1,26449.73,2287.90,-28087.31,38648.67
400.0,-14.9,150.1,25228.52,3506.87,-27723.91,37648.26
400.0,-14.9,160.1,23453.35,4607.81,-27407.52,36365.69
400.0,-14.9,170.1,21266.60,5388.50,-27116.79,34880.15
400.0,-9.9,-179.9,13609.79,5423.86,-27586.08,31235.18
400.0,-9.9,-169.9,11554.21,5398.70,-27064.35,29918.63
400.0,-9.9,-159.9,9771.96,5254.61,-26440.05,28673.65
400.0,-9.9,-149.9,8147.21,5105.18,-25773.18,27508.12
400.0,-9.9,-139.9,6590.78,4897.15,-25134.90,26442.08
400.0,-9.9,-129.9,5146.18,4574.71,-24544.70,25492.22
400.0,-9.9,-119.9,3830.18,4196.10,-23993.69,24657.14
400.0,-9.9,-109.9,2483.22,3769.00,-23456.43,23886.73
400.0,-9.9,-99.9,979.44,3033.54,-22860.13,23081.32
400.0,-9.9,-89.9,-382.42,1597.02,-22118.95,22179.82
400.0,-9.9,-79.9,-871.00,-612.15,-21223.92,21250.60
400.0,-9.9,-69.9,131.19,-3117.66,-20242.34,20481.44
400.0,-9.9,-59.9,2635.99,-5201.48,-19224.96,20089.87
400.0,-9.9,-49.9,6083.79,-6338.03,-18196.61,20206.42
400.0,-9.9,-39.9,9679.30,-6420.14,-17254.87,20799.94
400.0,-9.9,-29.9,12805.56,-5747.17,-16582.51,21725.38
400.0,-9.9,-19.9,15253.67,-4717.02,-16318.22,22830.01
400.0,-9.9,-9.9,17014.92,-3559.38,-16446.33,23930.28
400.0,-9.9,0.1,18043.47,-2414.48,-16843.19,24801.00
400.0,-9.9,10.1,18300.21,-1454.29,-17459.88,25334.95
400.0,-9.9,20.1,17876.07,-926.00,-18406.94,25675.41
400.0,-9.9,30.1,17175.84,-1111.96,-19784.60,26223.59
400.0,-9.9,40.1,16918.89,-1999.78,-21517.49,27445.41
400.0,-9.9,50.1,17615.10,-3069.63,-23420.73,29466.00
400.0,-9.9,60.1,19109.28,-3703.49,-25313.28,31931.84
400.0,-9.9,70.1,20854.50,-3662.54,-27033.31,34338.38
400.0,-9.9,80.1,22359.90,-2984.92,-28451.13,36308.97
400.0,-9.9,90.1,23169.39,-1808.95,-29511.84,37563.83
400.0,-9.9,100.1,22983.39,-588.60,-30216.60,37968.74
400.0,-9.9,110.1,22195.84,119.13,-30540.22,37754.14
400.0,-9.9,120.1,21601.86,425.29,-30447.97,37334.97
400.0,-9.9,130.1,21327.78,976.07,-30026.00,36842.74
400.0,-9.9,140.1,20817.08,2006.70,-29474.68,36140.48
400.0,-9.9,150.1,19700.61,3226.80,-28942.20,35159.31
400.0,-9.9,160.1,17992.15,4330.80,-28464.88,33951.77
400.0,-9.9,170.1,15859.09,5103.02,-28028.79,32606.20
400.0,-4.9,-179.9,8208.87,5102.09,-27874.85,29502.95
400.0,-4.9,-169.9,6292.29,5034.83,-27282.48,28447.78
400.0,-4.9,-159.9,4720.12,4859.49,-26630.65,27478.82
400.0,-4.9,-149.9,3331.75,4718.96,-25970.60,26605.29
400.0,-4.9,-139.9,1987.82,4544.02,-25368.11,25848.42
400.0,-4.9,-129.9,720.56,4254.43,-24840.78,25212.77
400.0,-4.9,-119.9,-456.95,3899.13,-24370.75,24684.92
400.0,-4.9,-109.9,-1702.02,3465.98,-23908.97,24218.77
400.0,-4.9,-99.9,-3090.97,2678.21,-23362.18,23717.46
400.0,-4.9,-89.9,-4263.96,1176.82,-22660.02,23087.72
400.0,-4.9,-79.9,-4501.84,-1051.84,-21848.39,22332.15
400.0,-4.9,-69.9,-3248.66,-3529.07,-21044.54,21584.27
400.0,-4.9,-59.9,-497.08,-5581.60,-20304.82,21063.88
400.0,-4.9,-49.9,3239.49,-6685.20,-19624.16,20983.18
400.0,-4.9,-39.9,7145.01,-6679.30,-19056.54,21419.99
400.0,-4.9,-29.9,10489.99,-5838.51,-18744.27,22259.28
400.0,-4.9,-19.9,12967.46,-4610.08,-18809.05,23306.40
400.0,-4.9,-9.9,14588.19,-3306.73,-19231.17,24363.65
400.0,-4.9,0.1,15430.90,-2090.26,-19855.64,25233.47
400.0,-4.9,10.1,15529.75,-1050.05,-20576.63,25800.65
400.0,-4.9,20.1,14893.09,-361.22,-21476.15,26137.32
400.0,-4.9,30.1,13819.08,-351.85,-22689.81,26569.12
400.0,-4.9,40.1,13037.90,-1094.67,-24218.27,27526.53
400.0,-4.9,50.1,13133.56,-2102.27,-25943.32,29154.17
400.0,-4.9,60.1,14018.14,-2763.12,-27711.37,31177.92
400.0,-4.9,70.1,15218.74,-2841.85,-29347.71,33180.93
400.0,-4.9,80.1,16315.73,-2354.58,-30678.47,34826.94
400.0,-4.9,90.1,16877.18,-1395.29,-31589.51,35842.47
400.0,-4.9,100.1,16578.45,-389.62,-32054.01,36089.55
400.0,-4.9,110.1,15796.19,105.36,-32094.78,35771.57
400.0,-4.9,120.1,15333.75,221.41,-31755.22,35264.24
400.0,-4.9,130.1,15278.30,657.68,-31139.06,34691.50
400.0,-4.9,140.1,14978.22,1659.90,-30409.33,33938.62
400.0,-4.9,150.1,14014.23,2891.13,-29691.98,32960.14
400.0,-4.9,160.1,12416.06,4012.06,-29032.44,31829.82
400.0,-4.9,170.1,10370.05,4795.62,-28436.48,30645.87
400.0,0.1,-179.9,2934.73,4777.85,-27685.01,28247.13
400.0,0.1,-169.9,1153.59,4698.83,-27038.99,27468.47
400.0,0.1,-159.9,-234.75,4515.75,-26401.04,26785.48
400.0,0.1,-149.9,-1426.22,4399.49,-25801.16,26212.39
400.0,0.1,-139.9,-2605.24,4268.94,-25287.32,25777.12
400.0,0.1,-129.9,-3751.61,4019.72,-24869.94,25470.51
400.0,0.1,-119.9,-4849.60,3683.78,-24513.95,25259.11
400.0,0.1,-109.9,-6036.27,3227.09,-24140.76,25092.37
400.0,0.1,-99.9,-7327.51,2368.51,-23647.48,24869.77
400.0,0.1,-89.9,-8315.70,800.37,-22994.02,24464.60
400.0,0.1,-79.9,-8324.65,-1427.10,-22278.40,23825.69
400.0,0.1,-69.9,-6882.96,-3842.42,-21660.48,23050.29
400.0,0.1,-59.9,-3992.29,-5829.01,-21216.88,22362.28
400.0,0.1,-49.9,-115.53,-6875.00,-20934.00,22034.32
400.0,0.1,-39.9,3929.82,-6779.92,-20811.46,22237.98
400.0,0.1,-29.9,7337.02,-5793.17,-20906.98,22901.85
400.0,0.1,-19.9,9717.73,-4392.70,-21288.56,23810.35
400.0,0.1,-9.9,11088.68,-2966.74,-21938.52,24760.03
400.0,0.1,0.1,11650.47,-1714.79,-22714.20,25585.32
400.0,0.1,10.1,11542.76,-655.92,-23486.45,26177.84
400.0,0.1,20.1,10724.91,123.18,-24300.22,26561.99
400.0,0.1,30.1,9380.21,279.75,-25302.42,26986.64
400.0,0.1,40.1,8207.94,-331.07,-26562.09,27803.32
400.0,0.1,50.1,7828.78,-1263.99,-28031.08,29131.24
400.0,0.1,60.1,8202.40,-1928.81,-29591.64,30767.92
400.0,0.1,70.1,8924.61,-2107.70,-31074.72,32399.53
400.0,0.1,80.1,9661.65,-1810.48,-32283.02,33746.39
400.0,0.1,90.1,10043.04,-1091.88,-33050.22,34559.68
400.0,0.1,100.1,9745.72,-324.85,-33310.42,34708.34
400.0,0.1,110.1,9100.62,-34.10,-33116.35,34344.07
400.0,0.1,120.1,8865.98,-76.04,-32576.83,33761.83
400.0,0.1,130.1,9087.29,265.16,-31802.15,33076.07
400.0,0.1,140.1,9055.54,1239.88,-30907.16,32230.31
400.0,0.1,150.1,8313.63,2485.04,-29997.21,31226.99
400.0,0.1,160.1,6892.35,3636.88,-29139.82,30163.90
400.0,0.1,170.1,4983.25,4455.47,-28370.01,29146.89
400.0,5.1,-179.9,-2050.91,4444.39,-27106.38,27544.77
400.0,5.1,-169.9,-3700.68,4394.47,-26412.97,27030.56
400.0,5.1,-159.9,-4948.46,4235.57,-25812.54,26621.69
400.0,5.1,-149.9,-6006.00,4160.83,-25304.72,26338.44
400.0,5.1,-139.9,-7090.33,4084.77,-24909.08,26218.71
400.0,5.1,-129.9,-8194.18,3880.12,-24624.72,26240.75
400.0,5.1,-119.9,-9287.68,3552.63,-24396.72,26345.44
400.0,5.1,-109.9,-10463.30,3048.71,-24117.61,26465.72
400.0,5.1,-99.9,-11672.05,2100.84,-23684.35,26487.70
400.0,5.1,-89.9,-12480.65,465.26,-23092.88,26253.84
400.0,5.1,-79.9,-12279.74,-1744.79,-22482.08,25676.45
400.0,5.1,-69.9,-10697.98,-4067.52,-22043.33,24837.47
400.0,5.1,-59.9,-7766.34,-5944.72,-21884.07,23970.15
400.0,5.1,-49.9,-3914.12,-6894.79,-21998.95,23384.01
400.0,5.1,-39.9,65.64,-6707.56,-22328.56,23314.38
400.0,5.1,-29.9,3355.29,-5612.89,-22822.42,23740.80
400.0,5.1,-19.9,5528.58,-4090.78,-23472.51,24459.32
400.0,5.1,-9.9,6593.70,-2578.25,-24263.62,25275.43
400.0,5.1,0.1,6837.35,-1318.03,-25098.39,26046.42
400.0,5.1,10.1,6505.29,-283.81,-25861.30,26668.45
400.0,5.1,20.1,5544.16,524.65,-26562.02,27139.53
400.0,5.1,30.1,4034.14,780.11,-27335.31,27642.40
400.0,5.1,40.1,2610.03,285.53,-28303.61,28425.13
400.0,5.1,50.1,1893.96,-563.77,-29485.86,29552.00
400.0,5.1,60.1,1875.63,-1210.69,-30800.65,30881.45
400.0,5.1,70.1,2206.25,-1463.49,-32094.57,32203.58
400.0,5.1,80.1,2636.77,-1341.06,-33167.91,33299.57
400.0,5.1,90.1,2885.47,-871.36,-33819.79,33953.84
400.0,5.1,100.1,2663.77,-359.86,-33941.75,34048.02
400.0,5.1,110.1,2246.23,-268.81,-33591.98,33668.07
400.0,5.1,120.1,2305.74,-446.69,-32921.09,33004.76
400.0,5.1,130.1,2848.06,-193.37,-32037.43,32164.36
400.0,5.1,140.1,3145.77,743.10,-31007.65,31175.67
400.0,5.1,150.1,2711.46,1998.05,-29919.57,30108.55
400.0,5.1,160.1,1552.26,3192.73,-28867.80,29085.27
400.0,5.1,170.1,-152.75,4070.50,-27920.10,28215.67
400.0,10.1,-179.9,-6652.57,4092.64,-26272.79,27409.23
400.0,10.1,-169.9,-8166.74,4118.86,-25531.09,27120.05
400.0,10.1,-159.9,-9320.23,4022.08,-24971.38,26955.77
400.0,10.1,-149.9,-10315.29,4007.55,-24561.09,26939.06
400.0,10.1,-139.9,-11382.74,3994.14,-24284.33,27115.47
400.0,10.1,-129.9,-12527.79,3835.36,-24124.75,27452.85
400.0,10.1,-119.9,-13694.95,3502.84,-24011.41,27863.40
400.0,10.1,-109.9,-14908.97,2928.16,-23818.44,28251.89
400.0,10.1,-99.9,-16055.63,1875.55,-23450.95,28482.42
400.0,10.1,-89.9,-16697.97,172.01,-22937.68,28372.33
400.0,10.1,-79.9,-16306.80,-2011.05,-22442.35,27813.94
400.0,10.1,-69.9,-14618.94,-4217.67,-22172.84,26891.21
400.0,10.1,-59.9,-11723.99,-5942.71,-22265.36,25855.63
400.0,10.1,-49.9,-8045.35,-6756.23,-22727.18,25037.95
400.0,10.1,-39.9,-4323.88,-6474.99,-23444.95,24703.99
400.0,10.1,-29.9,-1314.64,-5317.10,-24266.87,24877.32
400.0,10.1,-19.9,570.55,-3735.16,-25109.59,25392.29
400.0,10.1,-9.9,1322.03,-2179.52,-25956.20,26081.07
400.0,10.1,0.1,1261.87,-930.20,-26766.45,26812.32
400.0,10.1,10.1,715.92,55.37,-27465.09,27474.47
400.0,10.1,20.1,-350.19,846.71,-28036.32,28051.29
400.0,10.1,30.1,-1930.89,1157.45,-28586.77,28675.28
400.0,10.1,40.1,-3478.93,764.15,-29274.91,29490.80
400.0,10.1,50.1,-4404.51,6.38,-30180.10,30499.80
400.0,10.1,60.1,-4701.33,-603.39,-31253.05,31610.44
400.0,10.1,70.1,-4675.33,-902.55,-32356.18,32704.68
400.0,10.1,80.1,-4503.94,-929.29,-33301.82,33617.86
400.0,10.1,90.1,-4368.55,-701.32,-33876.46,34164.17
400.0,10.1,100.1,-4490.35,-453.75,-33934.87,34233.68
400.0,10.1,110.1,-4641.52,-563.10,-33519.18,33843.70
400.0,10.1,120.1,-4255.79,-867.13,-32795.32,33081.66
400.0,10.1,130.1,-3364.99,-704.86,-31864.78,32049.71
400.0,10.1,140.1,-2683.77,175.31,-30754.04,30871.42
400.0,10.1,150.1,-2726.08,1430.06,-29534.28,29694.28
400.0,10.1,160.1,-3533.76,2674.25,-28321.57,28666.19
400.0,10.1,170.1,-4956.83,3631.16,-27212.50,27897.59
400.0,15.1,-179.9,-10858.17,3715.13,-25326.22,27805.03
400.0,15.1,-169.9,-12221.08,3864.03,-24536.60,27682.67
400.0,15.1,-159.9,-13317.00,3869.30,-24005.37,27723.13
400.0,15.1,-149.9,-14314.66,3934.05,-23674.13,27943.71
400.0,15.1,-139.9,-15435.24,3988.32,-23489.76,28388.77
400.0,15.1,-129.9,-16691.50,3872.95,-23416.58,29016.24
400.0,15.1,-119.9,-17995.40,3523.02,-23376.32,29710.24
400.0,15.1,-109.9,-19291.04,2860.53,-23243.12,30340.89
400.0,15.1,-99.9,-20402.40,1694.51,-22939.16,30746.29
400.0,15.1,-89.9,-20904.17,-75.97,-22517.97,30725.38
400.0,15.1,-79.9,-20349.76,-2227.91,-22151.27,30162.15
400.0,15.1,-69.9,-18584.19,-4304.80,-22045.18,29152.93
400.0,15.1,-59.9,-15780.83,-5846.55,-22347.41,27975.40
400.0,15.1,-49.9,-12381.98,-6493.69,-23069.36,26975.49
400.0,15.1,-39.9,-9054.38,-6120.70,-24058.42,26424.46
400.0,15.1,-29.9,-6435.13,-4940.61,-25094.32,26373.20
400.0,15.1,-19.9,-4879.50,-3357.18,-26038.75,26703.87
400.0,15.1,-9.9,-4415.28,-1801.60,-26867.44,27287.35
400.0,15.1,0.1,-4730.76,-576.31,-27589.38,27997.96
400.0,15.1,10.1,-5459.03,352.30,-28180.10,28706.15
400.0,15.1,20.1,-6593.67,1096.16,-28612.98,29383.34
400.0,15.1,30.1,-8167.22,1427.30,-28962.30,30125.67
400.0,15.1,40.1,-9733.21,1124.26,-29405.99,30995.35
400.0,15.1,50.1,-10766.93,467.59,-30072.75,31945.52
400.0,15.1,60.1,-11254.88,-88.11,-30938.54,32922.23
400.0,15.1,70.1,-11464.87,-409.43,-31875.05,33876.69
400.0,15.1,80.1,-11519.29,-556.37,-32711.46,34684.92
400.0,15.1,90.1,-11502.88,-551.80,-33241.22,35179.53
400.0,15.1,100.1,-11543.84,-567.87,-33297.63,35246.49
400.0,15.1,110.1,-11437.41,-881.42,-32896.97,34839.66
400.0,15.1,120.1,-10726.99,-1311.63,-32198.69,33963.87
400.0,15.1,130.1,-9481.87,-1249.26,-31293.92,32722.71
400.0,15.1,140.1,-8385.36,-445.28,-30179.26,31325.71
400.0,15.1,150.1,-7974.63,794.81,-28906.42,29996.79
400.0,15.1,160.1,-8357.16,2087.22,-27598.41,28911.44
400.0,15.1,170.1,-9423.98,3135.02,-26371.57,28179.77
400.0,20.1,-179.9,-14729.87,3310.06,-24379.68,28675.67
400.0,20.1,-169.9,-15919.23,3620.56,-23551.57,28656.70
400.0,20.1,-159.9,-16978.84,3764.34,-23029.88,28858.73
400.0,20.1,-149.9,-18027.28,3925.97,-22742.59,29285.17
400.0,20.1,-139.9,-19251.41,4048.53,-22604.36,29966.05
400.0,20.1,-129.9,-20660.28,3969.26,-22558.56,30846.25
400.0,20.1,-119.9,-22132.60,3592.20,-22529.69,31785.89
400.0,20.1,-109.9,-23534.81,2835.20,-22412.46,32622.75
400.0,20.1,-99.9,-24637.44,1557.24,-22155.77,33170.87
400.0,20.1,-89.9,-25034.77,-274.43,-21830.69,33217.38
400.0,20.1,-79.9,-24356.51,-2392.98,-21603.04,32644.41
400.0,20.1,-69.9,-22546.58,-4336.94,-21657.76,31562.89
400.0,20.1,-59.9,-19871.01,-5683.99,-22127.08,30278.24
400.0,20.1,-49.9,-16802.73,-6155.11,-23010.58,29149.68
400.0,20.1,-39.9,-13924.53,-5698.81,-24135.85,28441.31
400.0,20.1,-29.9,-11733.29,-4527.17,-25257.85,28215.67
400.0,20.1,-19.9,-10506.31,-2986.66,-26212.64,28397.27
400.0,20.1,-9.9,-10281.32,-1467.45,-26965.34,28896.17
400.0,20.1,0.1,-10785.00,-275.41,-27555.84,29592.51
400.0,20.1,10.1,-11647.89,598.61,-28007.24,30338.70
400.0,20.1,20.1,-12814.36,1280.84,-28298.20,31090.77
400.0,20.1,30.1,-14321.65,1609.90,-28477.75,31916.82
400.0,20.1,40.1,-15828.67,1392.30,-28728.13,32829.73
400.0,20.1,50.1,-16904.00,848.92,-29210.42,33759.66
400.0,20.1,60.1,-17532.73,362.06,-29917.25,34678.08
400.0,20.1,70.1,-17939.26,36.20,-30722.04,35576.14
400.0,20.1,80.1,-18202.42,-205.95,-31468.06,36353.94
400.0,20.1,90.1,-18323.64,-401.84,-31969.09,36850.24
400.0,20.1,100.1,-18326.63,-672.80,-32058.58,36933.33
400.0,20.1,110.1,-18004.61,-1192.43,-31732.28,36503.77
400.0,20.1,120.1,-17001.21,-1752.47,-31130.35,35513.53
400.0,20.1,130.1,-15423.93,-1798.82,-30329.48,34073.61
400.0,20.1,140.1,-13916.99,-1088.33,-29303.11,32458.27
400.0,20.1,150.1,-13034.17,119.53,-28077.26,30955.39
400.0,20.1,160.1,-12952.22,1449.84,-26764.20,29768.85
400.0,20.1,170.1,-13609.29,2590.02,-25488.77,29010.32
400.0,25.1,-179.9,-18374.93,2883.46,-23493.12,29964.62
400.0,25.1,-169.9,-19371.22,3380.72,-22647.26,29992.86
400.0,25.1,-159.9,-20400.91,3690.41,-22116.79,30314.50
400.0,25.1,-149.9,-21526.36,3962.33,-21830.12,30913.40
400.0,25.1,-139.9,-22878.59,4148.87,-21681.42,31791.93
400.0,25.1,-129.9,-24446.83,4093.52,-21596.76,32875.89
400.0,25.1,-119.9,-26080.47,3682.16,-21511.98,34007.57
400.0,25.1,-109.9,-27585.87,2834.45,-21357.74,35002.39
400.0,25.1,-99.9,-28695.20,1457.36,-21117.91,35658.16
400.0,25.1,-89.9,-29026.04,-421.94,-20877.80,35757.12
400.0,25.1,-79.9,-28273.76,-2502.39,-20788.95,35183.06
400.0,25.1,-69.9,-26462.51,-4318.68,-20998.64,34056.69
400.0,25.1,-59.9,-23938.33,-5481.24,-21596.88,32703.41
400.0,25.1,-49.9,-21200.73,-5789.41,-22555.28,31491.73
400.0,25.1,-39.9,-18752.26,-5265.09,-23699.02,30675.92
400.0,25.1,-29.9,-16959.86,-4121.09,-24796.07,30322.69
400.0,25.1,-19.9,-16021.97,-2650.68,-25684.04,30387.49
400.0,25.1,-9.9,-15973.74,-1193.75,-26319.08,30810.38
400.0,25.1,0.1,-16589.16,-41.34,-26754.23,31480.00
400.0,25.1,10.1,-17526.05,786.83,-27049.06,32240.24
400.0,25.1,20.1,-18684.92,1408.79,-27201.13,33030.48
400.0,25.1,30.1,-20086.32,1728.46,-27247.50,33895.05
400.0,25.1,40.1,-21491.01,1598.13,-27361.24,34828.94
400.0,25.1,50.1,-22577.88,1181.14,-27713.29,35765.66
400.0,25.1,60.1,-23332.94,775.04,-28304.19,36689.97
400.0,25.1,70.1,-23925.30,454.21,-29006.02,37602.87
400.0,25.1,80.1,-24392.03,132.70,-29671.50,38410.76
400.0,25.1,90.1,-24667.46,-242.05,-30141.51,38949.37
400.0,25.1,100.1,-24676.43,-751.37,-30272.05,39062.61
400.0,25.1,110.1,-24196.30,-1471.02,-30054.22,38611.93
400.0,25.1,120.1,-22956.73,-2160.80,-29605.46,37525.51
400.0,25.1,130.1,-21101.65,-2319.81,-28982.71,35925.74
400.0,25.1,140.1,-19233.33,-1715.03,-28137.59,34126.03
400.0,25.1,150.1,-17910.24,-558.74,-27063.27,32457.81
400.0,25.1,160.1,-17369.53,791.00,-25845.65,31150.03
400.0,25.1,170.1,-17598.12,2014.84,-24606.73,30319.05
400.0,30.1,-179.9,-21910.51,2448.33,-22667.21,31620.68
400.0,30.1,-169.9,-22705.29,3139.87,-21831.95,31654.74
400.0,30.1,-159.9,-23700.23,3628.83,-21278.25,32056.72
400.0,30.1,-149.9,-24905.25,4017.32,-20947.22,32790.19
400.0,30.1,-139.9,-26382.07,4259.27,-20729.58,33821.16
400.0,30.1,-129.9,-28083.91,4212.63,-20544.50,35050.38
400.0,30.1,-119.9,-29836.59,3761.71,-20344.99,36308.28
400.0,30.1,-109.9,-31411.32,2834.84,-20103.65,37401.39
400.0,30.1,-99.9,-32521.95,1381.29,-19843.16,38122.64
400.0,30.1,-89.9,-32814.27,-522.99,-19662.93,38258.07
400.0,30.1,-79.9,-32038.92,-2554.94,-19697.27,37696.19
400.0,30.1,-69.9,-30275.51,-4253.19,-20046.97,36559.23
400.0,30.1,-59.9,-27919.47,-5258.45,-20742.22,35176.52
400.0,30.1,-49.9,-25479.73,-5435.31,-21715.94,33916.68
400.0,30.1,-39.9,-23391.73,-4864.47,-22800.70,33025.87
400.0,30.1,-29.9,-21923.14,-3759.30,-23799.12,32575.37
400.0,30.1,-19.9,-21206.52,-2371.66,-24569.09,32541.99
400.0,30.1,-9.9,-21263.49,-991.92,-25064.37,32883.77
400.0,30.1,0.1,-21911.83,117.50,-25340.12,33500.21
400.0,30.1,10.1,-22855.08,912.38,-25479.16,34239.96
400.0,30.1,20.1,-23965.86,1489.02,-25505.29,35029.98
400.0,30.1,30.1,-25241.71,1807.02,-25456.13,35894.62
400.0,30.1,40.1,-26533.73,1770.66,-25484.04,36832.19
400.0,30.1,50.1,-27631.81,1490.19,-25746.62,37797.18
400.0,30.1,60.1,-28522.06,1172.13,-26244.90,38777.26
400.0,30.1,70.1,-29306.55,858.43,-26853.52,39758.30
400.0,30.1,80.1,-29974.78,463.35,-27434.25,40636.68
400.0,30.1,90.1,-30407.76,-72.95,-27857.95,41239.57
400.0,30.1,100.1,-30452.00,-796.98,-28019.64,41389.12
400.0,30.1,110.1,-29872.12,-1698.71,-27923.19,40925.95
400.0,30.1,120.1,-28471.01,-2508.72,-27665.80,39777.99
400.0,30.1,130.1,-26422.85,-2776.43,-27279.92,38079.78
400.0,30.1,140.1,-24284.21,-2283.46,-26693.65,36159.20
400.0,30.1,150.1,-22601.25,-1198.27,-25862.32,34367.31
400.0,30.1,160.1,-21654.02,146.59,-24834.76,32949.71
400.0,30.1,170.1,-21476.50,1436.37,-23719.44,32029.91
400.0,35.1,-179.9,-25433.91,2021.70,-21850.43,33591.84
400.0,35.1,-169.9,-26033.27,2895.66,-21054.87,33606.89
400.0,35.1,-159.9,-26980.24,3559.69,-20467.71,34051.90
400.0,35.1,-149.9,-28243.11,4061.19,-20051.10,34874.25
400.0,35.1,-139.9,-29812.29,4347.08,-19711.17,36002.78
400.0,35.1,-129.9,-31595.26,4294.39,-19375.97,37311.27
400.0,35.1,-119.9,-33399.79,3800.89,-19020.19,38623.32
400.0,35.1,-109.9,-34985.13,2810.97,-18655.65,39747.89
400.0,35.1,-99.9,-36068.38,1310.25,-18341.33,40485.17
400.0,35.1,-89.9,-36331.63,-588.50,-18190.07,40635.12
400.0,35.1,-79.9,-35574.19,-2554.73,-18319.76,40095.67
400.0,35.1,-69.9,-33905.53,-4144.02,-18784.36,38982.17
400.0,35.1,-59.9,-31731.50,-5027.30,-19551.01,37608.56
400.0,35.1,-49.9,-29546.09,-5114.92,-20510.79,36329.41
400.0,35.1,-39.9,-27732.29,-4523.88,-21504.82,35383.64
400.0,35.1,-29.9,-26494.33,-3465.82,-22374.89,34851.07
400.0,35.1,-19.9,-25918.31,-2164.42,-23007.99,34724.79
400.0,35.1,-9.9,-26007.92,-866.97,-23364.42,34972.27
400.0,35.1,0.1,-26616.84,199.94,-23497.67,35505.44
400.0,35.1,10.1,-27502.52,976.44,-23501.65,36189.36
400.0,35.1,20.1,-28530.16,1532.26,-23425.72,36947.02
400.0,35.1,30.1,-29679.60,1867.52,-23314.70,37788.11
400.0,35.1,40.1,-30874.29,1932.86,-23291.96,38723.04
400.0,35.1,50.1,-31999.18,1791.79,-23483.78,39732.18
400.0,35.1,60.1,-33037.37,1562.41,-23887.45,40798.52
400.0,35.1,70.1,-34019.05,1252.58,-24389.62,41877.42
400.0,35.1,80.1,-34879.36,783.15,-24867.74,42843.76
400.0,35.1,90.1,-35456.13,99.61,-25224.94,43513.73
400.0,35.1,100.1,-35546.17,-809.11,-25402.38,43697.43
400.0,35.1,110.1,-34918.01,-1862.56,-25426.65,43234.84
400.0,35.1,120.1,-33439.08,-2771.89,-25378.08,42070.21
400.0,35.1,130.1,-31303.74,-3135.46,-25262.75,40348.01
400.0,35.1,140.1,-29016.71,-2754.00,-24984.50,38389.82
400.0,35.1,150.1,-27092.04,-1757.56,-24460.44,36542.86
400.0,35.1,160.1,-25831.00,-444.89,-23697.57,35057.29
400.0,35.1,170.1,-25309.34,885.65,-22780.86,34063.39
400.0,40.1,-179.9,-29000.53,1621.05,-20951.18,35813.55
400.0,40.1,-169.9,-29423.49,2646.30,-20219.01,35798.79
400.0,40.1,-159.9,-30302.15,3462.00,-19592.76,36250.27
400.0,40.1,-149.9,-31577.06,4061.19,-19059.23,37106.04
400.0,40.1,-139.9,-33177.98,4377.82,-18556.32,38265.92
400.0,40.1,-129.9,-34968.05,4308.38,-18038.01,39581.52
400.0,40.1,-119.9,-36742.73,3773.49,-17505.19,40874.18
400.0,40.1,-109.9,-38266.06,2739.69,-17002.04,41962.68
400.0,40.1,-99.9,-39276.23,1224.71,-16615.71,42663.85
400.0,40.1,-89.9,-39501.43,-633.00,-16468.29,42801.50
400.0,40.1,-79.9,-38786.80,-2510.54,-16662.04,42288.80
400.0,40.1,-69.9,-37250.53,-3995.49,-17210.84,41228.38
400.0,40.1,-59.9,-35272.19,-4790.88,-18028.30,39901.12
400.0,40.1,-49.9,-33305.22,-4832.86,-18968.80,38631.72
400.0,40.1,-39.9,-31689.72,-4250.69,-19877.60,37648.71
400.0,40.1,-29.9,-30596.00,-3249.14,-20628.21,37043.15
400.0,40.1,-19.9,-30083.99,-2033.33,-21137.12,36823.34
400.0,40.1,-9.9,-30143.22,-815.80,-21378.27,36963.62
400.0,40.1,0.1,-30657.03,213.29,-21403.93,37390.20
400.0,40.1,10.1,-31437.07,987.33,-21309.52,37991.57
400.0,40.1,20.1,-32359.37,1550.73,-21162.42,38696.01
400.0,40.1,30.1,-33396.30,1926.54,-21014.03,39504.61
400.0,40.1,40.1,-34521.93,2097.81,-20955.30,40438.71
400.0,40.1,50.1,-35688.89,2088.78,-21072.76,41498.44
400.0,40.1,60.1,-36873.15,1940.74,-21359.34,42656.97
400.0,40.1,70.1,-38038.48,1628.87,-21724.99,43835.54
400.0,40.1,80.1,-39065.08,1083.89,-22074.58,44883.66
400.0,40.1,90.1,-39756.92,269.06,-22347.00,45607.82
400.0,40.1,100.1,-39890.10,-788.20,-22527.80,45818.59
400.0,40.1,110.1,-39257.50,-1953.20,-22665.04,45372.57
400.0,40.1,120.1,-37785.06,-2931.36,-22823.16,44240.26
400.0,40.1,130.1,-35676.30,-3370.31,-22982.61,42571.79
400.0,40.1,140.1,-33376.99,-3093.82,-23025.95,40666.81
400.0,40.1,150.1,-31350.69,-2199.76,-22837.28,38849.02
400.0,40.1,160.1,-29897.34,-946.71,-22382.65,37359.48
400.0,40.1,170.1,-29125.13,393.41,-21715.42,36331.63
400.0,45.1,-179.9,-32606.07,1260.85,-19853.90,38195.86
400.0,45.1,-169.9,-32879.77,2389.11,-19199.73,38149.93
400.0,45.1,-159.9,-33663.69,3314.75,-18535.24,38571.84
400.0,45.1,-149.9,-34884.79,3984.09,-17871.33,39398.05
400.0,45.1,-139.9,-36432.39,4316.86,-17187.13,40513.60
400.0,45.1,-129.9,-38139.03,4226.27,-16475.45,41759.88
400.0,45.1,-119.9,-39796.16,3657.99,-15767.59,42961.98
400.0,45.1,-109.9,-41182.71,2603.60,-15133.31,43952.38
400.0,45.1,-99.9,-42069.72,1109.56,-14677.29,44570.34
400.0,45.1,-89.9,-42238.39,-669.85,-14522.72,44670.34
400.0,45.1,-79.9,-41577.70,-2432.67,-14754.85,44185.16
400.0,45.1,-69.9,-40200.12,-3811.87,-15357.42,43202.20
400.0,45.1,-59.9,-38432.19,-4545.36,-16208.29,41957.14
400.0,45.1,-49.9,-36665.44,-4579.49,-17136.59,40730.69
400.0,45.1,-39.9,-35199.10,-4035.05,-17987.44,39734.20
400.0,45.1,-29.9,-34187.38,-3102.16,-18653.61,39068.62
400.0,45.1,-19.9,-33681.45,-1970.98,-19075.20,38758.07
400.0,45.1,-9.9,-33666.64,-826.71,-19241.75,38786.22
400.0,45.1,0.1,-34053.28,172.38,-19205.01,39095.88
400.0,45.1,10.1,-34702.62,959.10,-19055.28,39601.71
400.0,45.1,20.1,-35513.42,1556.10,-18867.29,40244.24
400.0,45.1,30.1,-36459.53,1992.64,-18693.62,41020.96
400.0,45.1,40.1,-37543.27,2266.92,-18594.33,41956.95
400.0,45.1,50.1,-38754.24,2371.77,-18618.38,43059.97
400.0,45.1,60.1,-40057.38,2289.93,-18757.10,44290.70
400.0,45.1,70.1,-41364.55,1969.93,-18952.45,45542.31
400.0,45.1,80.1,-42510.92,1353.83,-19148.52,46644.15
400.0,45.1,90.1,-43279.02,430.79,-19323.74,47399.01
400.0,45.1,100.1,-43448.00,-732.39,-19500.39,47629.09
400.0,45.1,110.1,-42850.38,-1962.86,-19738.58,47218.84
400.0,45.1,120.1,-41463.46,-2973.95,-20084.08,46167.45
400.0,45.1,130.1,-39489.38,-3463.19,-20494.30,44625.34
400.0,45.1,140.1,-37310.27,-3280.11,-20836.48,42859.94
400.0,45.1,150.1,-35325.50,-2496.78,-20971.49,41157.36
400.0,45.1,160.1,-33814.06,-1328.66,-20830.35,39737.38
400.0,45.1,170.1,-32902.99,-14.40,-20430.75,38730.12
400.0,50.1,-179.9,-36173.62,949.64,-18442.80,40614.89
400.0,50.1,-169.9,-36327.25,2119.95,-17871.62,40540.81
400.0,50.1,-159.9,-36987.18,3099.54,-17179.29,40899.71
400.0,50.1,-149.9,-38078.89,3801.15,-16397.07,41633.09
400.0,50.1,-139.9,-39475.74,4133.93,-15545.74,42627.38
400.0,50.1,-129.9,-41001.53,4023.99,-14660.77,43729.35
400.0,50.1,-119.9,-42455.88,3438.68,-13805.35,44776.27
400.0,50.1,-109.9,-43639.88,2392.93,-13069.47,45617.72
400.0,50.1,-99.9,-44362.71,957.16,-12565.24,46117.80
400.0,50.1,-89.9,-44459.16,-707.41,-12407.26,46163.38
400.0,50.1,-79.9,-43857.50,-2329.65,-12661.26,45707.93
400.0,50.1,-69.9,-42655.50,-3596.35,-13290.89,44822.69
400.0,50.1,-59.9,-41113.27,-4282.66,-14158.07,43693.16
400.0,50.1,-49.9,-39547.43,-4335.94,-15082.23,42547.30
400.0,50.1,-39.9,-38212.86,-3854.23,-15907.77,41570.84
400.0,50.1,-29.9,-37253.76,-3003.97,-16535.49,40869.17
400.0,50.1,-19.9,-36724.39,-1958.42,-16919.17,40481.79
400.0,50.1,-9.9,-36617.14,-880.45,-17059.62,40405.70
400.0,50.1,0.1,-36869.26,96.75,-17006.76,40602.73
400.0,50.1,10.1,-37385.41,907.75,-16841.11,41013.61
400.0,50.1,20.1,-38091.62,1556.51,-16634.69,41594.56
400.0,50.1,30.1,-38967.39,2064.82,-16435.22,42341.91
400.0,50.1,40.1,-40024.02,2430.28,-16277.93,43275.85
400.0,50.1,50.1,-41261.09,2622.09,-16184.50,44399.22
400.0,50.1,60.1,-42629.99,2585.52,-16149.81,45659.80
400.0,50.1,70.1,-44009.95,2253.14,-16151.82,46934.35
400.0,50.1,80.1,-45210.83,1579.82,-16179.95,48044.84
400.0,50.1,90.1,-46010.93,582.58,-16253.08,48800.70
400.0,50.1,100.1,-46209.85,-637.15,-16420.13,49044.64
400.0,50.1,110.1,-45685.02,-1884.47,-16741.14,48692.28
400.0,50.1,120.1,-44453.53,-2891.86,-17239.44,47766.90
400.0,50.1,130.1,-42706.11,-3405.71,-17852.32,46412.46
400.0,50.1,140.1,-40759.86,-3302.05,-18438.91,44858.25
400.0,50.1,150.1,-38943.75,-2633.01,-18848.37,43345.24
400.0,50.1,160.1,-37501.25,-1571.81,-18986.51,42063.07
400.0,50.1,170.1,-36563.16,-321.10,-18836.84,41131.43
400.0,55.1,-179.9,-39555.62,688.11,-16635.92,42917.07
400.0,55.1,-169.9,-39614.61,1833.82,-16145.80,42817.83
400.0,55.1,-159.9,-40124.52,2804.39,-15447.95,43086.90
400.0,55.1,-149.9,-41018.02,3494.59,-14588.07,43674.96
400.0,55.1,-139.9,-42174.79,3809.96,-13620.42,44483.08
400.0,55.1,-129.9,-43432.62,3686.74,-12616.92,45378.09
400.0,55.1,-119.9,-44613.67,3107.85,-11668.26,46218.90
400.0,55.1,-109.9,-45548.08,2105.79,-10879.00,46876.59
400.0,55.1,-99.9,-46084.00,767.25,-10360.58,47240.51
400.0,55.1,-89.9,-46103.90,-748.56,-10211.81,47227.23
400.0,55.1,-79.9,-45566.39,-2207.02,-10477.74,46807.58
400.0,55.1,-69.9,-44550.07,-3351.06,-11110.91,46036.84
400.0,55.1,-59.9,-43246.93,-3993.43,-11974.89,45051.55
400.0,55.1,-49.9,-41896.02,-4079.41,-12895.17,44025.04
400.0,55.1,-39.9,-40703.43,-3677.49,-13719.65,43110.58
400.0,55.1,-29.9,-39801.34,-2922.91,-14350.46,42410.21
400.0,55.1,-19.9,-39250.99,-1966.88,-14744.43,41975.07
400.0,55.1,-9.9,-39059.48,-951.81,-14904.92,41817.53
400.0,55.1,0.1,-39191.45,7.71,-14875.55,41919.58
400.0,55.1,10.1,-39588.55,847.41,-14723.38,42246.30
400.0,55.1,20.1,-40202.85,1553.94,-14510.31,42769.53
400.0,55.1,30.1,-41019.25,2132.16,-14275.64,43484.69
400.0,55.1,40.1,-42044.18,2568.29,-14039.07,44400.50
400.0,55.1,50.1,-43268.86,2815.32,-13809.38,45506.25
400.0,55.1,60.1,-44631.29,2801.32,-13591.50,46738.94
400.0,55.1,70.1,-45997.90,2456.21,-13398.07,47972.37
400.0,55.1,80.1,-47177.59,1749.82,-13261.45,49037.26
400.0,55.1,90.1,-47964.36,723.53,-13235.62,49762.28
400.0,55.1,100.1,-48189.92,-497.64,-13385.35,50016.83
400.0,55.1,110.1,-47772.34,-1713.09,-13761.33,49744.40
400.0,55.1,120.1,-46752.64,-2682.79,-14363.00,48982.68
400.0,55.1,130.1,-45300.12,-3198.66,-15111.56,47861.17
400.0,55.1,140.1,-43667.86,-3161.30,-15864.78,46567.87
400.0,55.1,150.1,-42114.98,-2607.49,-16470.91,45296.37
400.0,55.1,160.1,-40841.77,-1672.08,-16821.85,44202.04
400.0,55.1,170.1,-39969.57,-522.56,-16873.73,43388.50
400.0,60.1,-179.9,-42561.79,469.77,-14419.75,44940.58
400.0,60.1,-169.9,-42545.22,1526.59,-14007.36,44817.77
400.0,60.1,-159.9,-42889.93,2427.12,-13337.65,44981.44
400.0,60.1,-149.9,-43540.82,3062.81,-12464.18,45393.16
400.0,60.1,-139.9,-44399.06,3343.45,-11461.28,45976.26
400.0,60.1,-129.9,-45333.03,3214.42,-10423.30,46626.83
400.0,60.1,-119.9,-46199.50,2668.35,-9457.71,47233.06
400.0,60.1,-109.9,-46863.65,1747.30,-8675.65,47691.95
400.0,60.1,-99.9,-47211.21,544.01,-8181.77,47918.01
400.0,60.1,-89.9,-47162.35,-793.31,-8056.25,47852.06
400.0,60.1,-79.9,-46695.36,-2068.69,-8325.97,47476.92
400.0,60.1,-69.9,-45867.82,-3078.05,-8940.58,46832.30
400.0,60.1,-59.9,-44811.22,-3669.75,-9777.87,46012.17
400.0,60.1,-49.9,-43693.35,-3787.87,-10682.21,45139.41
400.0,60.1,-39.9,-42670.39,-3471.54,-11512.02,44332.16
400.0,60.1,-29.9,-41856.12,-2821.17,-12169.57,43680.57
400.0,60.1,-19.9,-41315.87,-1960.61,-12607.04,43240.98
400.0,60.1,-9.9,-41072.38,-1011.30,-12820.79,43038.77
400.0,60.1,0.1,-41115.55,-73.47,-12841.88,43074.45
400.0,60.1,10.1,-41417.22,788.01,-12720.24,43333.72
400.0,60.1,20.1,-41950.79,1542.92,-12503.59,43801.70
400.0,60.1,30.1,-42703.94,2174.77,-12222.73,44471.91
400.0,60.1,40.1,-43671.12,2653.92,-11892.14,45339.09
400.0,60.1,50.1,-44827.92,2924.45,-11521.98,46377.26
400.0,60.1,60.1,-46103.03,2913.82,-11132.84,47517.57
400.0,60.1,70.1,-47367.69,2561.78,-10766.59,48643.40
400.0,60.1,80.1,-48451.93,1855.23,-10487.82,49608.72
400.0,60.1,90.1,-49183.09,852.66,-10373.65,50272.41
400.0,60.1,100.1,-49431.14,-312.27,-10493.91,50533.73
400.0,60.1,110.1,-49145.39,-1449.26,-10885.54,50357.37
400.0,60.1,120.1,-48373.64,-2351.55,-11527.68,49783.79
400.0,60.1,130.1,-47254.13,-2851.70,-12331.92,48919.95
400.0,60.1,140.1,-45978.75,-2870.73,-13161.29,47911.45
400.0,60.1,150.1,-44741.75,-2432.91,-13871.67,46905.93
400.0,60.1,160.1,-43698.95,-1639.96,-14351.51,46024.49
400.0,60.1,170.1,-42953.32,-627.23,-14539.49,45351.72
400.0,65.1,-179.9,-45011.25,285.00,-11865.44,46549.78
400.0,65.1,-169.9,-44934.46,1197.90,-11531.52,46405.99
400.0,65.1,-159.9,-45116.44,1976.95,-10930.94,46463.82
400.0,65.1,-149.9,-45516.95,2521.60,-10118.58,46696.21
400.0,65.1,-139.9,-46064.57,2752.27,-9174.65,47049.91
400.0,65.1,-129.9,-46665.14,2623.83,-8199.30,47452.59
400.0,65.1,-119.9,-47215.78,2134.49,-7302.38,47824.79
400.0,65.1,-109.9,-47619.33,1328.05,-6591.46,48091.70
400.0,65.1,-99.9,-47795.96,292.75,-6159.37,48192.09
400.0,65.1,-89.9,-47693.95,-842.17,-6068.84,48085.89
400.0,65.1,-79.9,-47302.01,-1919.11,-6334.17,47762.80
400.0,65.1,-69.9,-46658.07,-2780.60,-6909.13,47248.74
400.0,65.1,-59.9,-45845.27,-3306.92,-7693.04,46603.72
400.0,65.1,-49.9,-44972.70,-3443.80,-8556.88,45908.87
400.0,65.1,-39.9,-44149.93,-3206.19,-9376.57,45248.38
400.0,65.1,-29.9,-43467.03,-2660.91,-10057.70,44694.75
400.0,65.1,-19.9,-42985.58,-1901.84,-10545.40,44301.05
400.0,65.1,-9.9,-42738.52,-1028.06,-10822.80,44099.55
400.0,65.1,0.1,-42734.77,-127.22,-10903.01,44103.88
400.0,65.1,10.1,-42967.78,734.36,-10816.31,44314.35
400.0,65.1,20.1,-43425.63,1511.18,-10595.22,44725.02
400.0,65.1,30.1,-44096.29,2166.44,-10264.56,45327.01
400.0,65.1,40.1,-44962.50,2656.33,-9842.18,46103.70
400.0,65.1,50.1,-45986.89,2923.19,-9349.63,47018.66
400.0,65.1,60.1,-47097.25,2905.22,-8825.25,48004.96
400.0,65.1,70.1,-48183.18,2560.20,-8331.20,48965.12
400.0,65.1,80.1,-49110.61,1892.14,-7948.88,49785.71
400.0,65.1,90.1,-49750.52,967.66,-7762.84,50361.81
400.0,65.1,100.1,-50011.32,-86.04,-7838.20,50621.90
400.0,65.1,110.1,-49863.33,-1102.54,-8198.33,50544.83
400.0,65.1,120.1,-49347.41,-1912.14,-8810.24,50164.17
400.0,65.1,130.1,-48564.57,-2382.87,-9585.37,49558.80
400.0,65.1,140.1,-47649.62,-2451.40,-10398.98,48832.71
400.0,65.1,150.1,-46739.37,-2131.04,-11121.28,48091.50
400.0,65.1,160.1,-45947.80,-1495.46,-11645.82,47424.27
400.0,65.1,170.1,-45355.64,-651.25,-11904.02,46896.30
400.0,70.1,-179.9,-46788.86,127.52,-9112.42,47668.12
400.0,70.1,-169.9,-46669.96,854.28,-8862.90,47511.74
400.0,70.1,-159.9,-46713.48,1473.66,-8372.24,47480.68
400.0,70.1,-149.9,-46893.90,1900.30,-7690.67,47558.34
400.0,70.1,-139.9,-47166.45,2069.18,-6892.42,47712.28
400.0,70.1,-129.9,-47472.25,1945.20,-6069.04,47898.14
400.0,70.1,-119.9,-47746.62,1529.69,-5319.25,48066.35
400.0,70.1,-109.9,-47927.95,862.25,-4736.97,48169.18
400.0,70.1,-99.9,-47966.23,18.35,-4399.20,48167.55
400.0,70.1,-89.9,-47830.26,-897.37,-4353.71,48036.38
400.0,70.1,-79.9,-47514.00,-1763.86,-4608.27,47769.53
400.0,70.1,-69.9,-47039.72,-2463.39,-5125.63,47382.23
400.0,70.1,-59.9,-46455.65,-2904.05,-5829.11,46909.91
400.0,70.1,-49.9,-45827.01,-3036.62,-6618.88,46402.00
400.0,70.1,-39.9,-45223.94,-2859.54,-7393.12,45913.39
400.0,70.1,-29.9,-44710.26,-2411.67,-8066.21,45496.01
400.0,70.1,-19.9,-44336.26,-1758.25,-8579.07,45192.88
400.0,70.1,-9.9,-44135.72,-975.70,-8901.34,45034.96
400.0,70.1,0.1,-44126.54,-139.09,-9027.37,45040.70
400.0,70.1,10.1,-44313.85,685.49,-8968.34,45217.45
400.0,70.1,20.1,-44693.43,1441.96,-8743.47,45563.48
400.0,70.1,30.1,-45252.90,2079.50,-8374.62,46068.25
400.0,70.1,40.1,-45968.73,2546.63,-7887.27,46709.95
400.0,70.1,50.1,-46800.16,2790.54,-7316.82,47450.79
400.0,70.1,60.1,-47684.38,2765.73,-6715.75,48234.34
400.0,70.1,70.1,-48538.07,2450.02,-6155.20,48988.09
400.0,70.1,80.1,-49268.25,1860.93,-5717.42,49633.78
400.0,70.1,90.1,-49789.93,1064.11,-5479.90,50101.88
400.0,70.1,100.1,-50045.30,168.36,-5496.01,50346.47
400.0,70.1,110.1,-50017.09,-692.80,-5778.62,50354.56
400.0,70.1,120.1,-49732.25,-1388.30,-6292.56,50147.98
400.0,70.1,130.1,-49254.36,-1817.32,-6959.52,49776.80
400.0,70.1,140.1,-48668.19,-1928.75,-7674.35,49307.29
400.0,70.1,150.1,-48061.58,-1726.36,-8327.31,48808.20
400.0,70.1,160.1,-47511.15,-1260.16,-8824.04,48340.06
400.0,70.1,170.1,-47074.63,-610.44,-9097.65,47949.57
400.0,75.1,-179.9,-47877.05,-0.45,-6323.34,48292.82
400.0,75.1,-169.9,-47742.74,510.74,-6164.00,48141.71
400.0,75.1,-159.9,-47692.28,944.54,-5814.54,48054.70
400.0,75.1,-149.9,-47713.07,1234.99,-5315.35,48024.11
400.0,75.1,-139.9,-47781.81,1333.35,-4726.36,48033.50
400.0,75.1,-129.9,-47867.84,1214.59,-4120.76,48060.24
400.0,75.1,-119.9,-47937.07,881.61,-3576.51,48078.39
400.0,75.1,-109.9,-47956.90,366.19,-3166.56,48062.72
400.0,75.1,-99.9,-47901.05,-273.78,-2949.06,47992.53
400.0,75.1,-89.9,-47753.46,-960.78,-2958.65,47854.67
400.0,75.1,-79.9,-47511.53,-1607.74,-3200.25,47646.32
400.0,75.1,-69.9,-47187.16,-2130.94,-3647.40,47375.86
400.0,75.1,-59.9,-46805.64,-2463.05,-4246.18,47062.36
400.0,75.1,-49.9,-46402.09,-2563.28,-4924.71,46733.05
400.0,75.1,-39.9,-46016.30,-2421.71,-5605.47,46419.67
400.0,75.1,-29.9,-45687.35,-2057.39,-6217.07,46154.29
400.0,75.1,-19.9,-45449.30,-1511.87,-6702.83,45965.78
400.0,75.1,-9.9,-45328.14,-840.62,-7024.90,45876.97
400.0,75.1,0.1,-45340.68,-104.98,-7164.28,45903.33
400.0,75.1,10.1,-45494.21,633.75,-7118.17,46052.07
400.0,75.1,20.1,-45786.80,1317.28,-6896.52,46322.00
400.0,75.1,30.1,-46207.05,1891.04,-6519.89,46703.06
400.0,75.1,40.1,-46732.93,2304.83,-6019.57,47175.36
400.0,75.1,50.1,-47330.84,2515.86,-5439.37,47708.75
400.0,75.1,60.1,-47955.68,2495.27,-4836.42,48263.49
400.0,75.1,70.1,-48553.96,2236.92,-4278.48,48793.41
400.0,75.1,80.1,-49070.44,1764.89,-3836.01,49251.78
400.0,75.1,90.1,-49456.99,1135.67,-3570.06,49598.68
400.0,75.1,100.1,-49681.37,432.55,-3519.32,49807.74
400.0,75.1,110.1,-49733.33,-247.38,-3690.26,49870.66
400.0,75.1,120.1,-49625.80,-810.73,-4053.82,49797.70
400.0,75.1,130.1,-49391.38,-1184.73,-4550.11,49614.68
400.0,75.1,140.1,-49074.92,-1329.31,-5099.68,49357.08
400.0,75.1,150.1,-48725.03,-1241.20,-5618.05,49063.55
400.0,75.1,160.1,-48386.59,-950.71,-6029.23,48770.05
400.0,75.1,170.1,-48095.71,-513.42,-6275.64,48506.12
400.0,80.1,-179.9,-48347.42,-88.40,-3633.54,48483.85
400.0,80.1,-169.9,-48231.53,188.78,-3560.98,48363.18
400.0,80.1,-159.9,-48144.40,420.14,-3366.20,48263.76
400.0,80.1,-149.9,-48082.41,561.94,-3075.92,48183.97
400.0,80.1,-139.9,-48037.36,582.53,-2730.54,48118.42
400.0,80.1,-129.9,-47997.75,466.59,-2379.24,48058.95
400.0,80.1,-119.9,-47950.63,217.43,-2073.95,47995.95
400.0,80.1,-109.9,-47883.70,-142.84,-1862.61,47920.12
400.0,80.1,-99.9,-47787.13,-575.61,-1782.80,47823.84
400.0,80.1,-89.9,-47655.53,-1030.42,-1856.39,47702.80
400.0,80.1,-79.9,-47488.95,-1451.45,-2086.15,47556.90
400.0,80.1,-69.9,-47293.41,-1784.96,-2455.13,47390.73
400.0,80.1,-59.9,-47080.54,-1986.62,-2928.91,47213.38
400.0,80.1,-49.9,-46866.19,-2027.20,-3460.46,47037.48
400.0,80.1,-39.9,-46668.84,-1895.86,-3996.58,46878.01
400.0,80.1,-29.9,-46507.42,-1600.51,-4484.73,46750.56
400.0,80.1,-19.9,-46399.27,-1165.69,-4878.89,46669.64
400.0,80.1,-9.9,-46358.37,-628.76,-5143.75,46647.10
400.0,80.1,0.1,-46394.18,-35.41,-5257.09,46691.09
400.0,80.1,10.1,-46510.63,564.66,-5210.50,46804.99
400.0,80.1,20.1,-46705.73,1121.56,-5009.16,46986.97
400.0,80.1,30.1,-46971.22,1588.59,-4671.26,47229.65
400.0,80.1,40.1,-47292.55,1925.56,-4227.13,47520.12
400.0,80.1,50.1,-47649.53,2102.55,-3717.90,47840.58
400.0,80.1,60.1,-48017.52,2103.96,-3192.93,48169.54
400.0,80.1,70.1,-48369.60,1932.09,-2705.49,48483.71
400.0,80.1,80.1,-48679.55,1609.03,-2306.50,48760.72
400.0,80.1,90.1,-48925.18,1175.71,-2037.28,48981.70
400.0,80.1,100.1,-49091.45,687.24,-1922.72,49133.89
400.0,80.1,110.1,-49172.23,205.30,-1966.61,49211.97
400.0,80.1,120.1,-49171.04,-211.30,-2150.64,49218.50
400.0,80.1,130.1,-49099.61,-515.54,-2437.24,49162.77
400.0,80.1,140.1,-48975.66,-678.98,-2775.90,49058.96
400.0,80.1,150.1,-48819.64,-694.97,-3111.21,48923.61
400.0,80.1,160.1,-48651.95,-578.15,-3391.16,48773.41
400.0,80.1,170.1,-48490.12,-361.01,-3574.08,48623.00
400.0,85.1,-179.9,-48320.50,-124.44,-1120.50,48333.65
400.0,85.1,-169.9,-48254.51,-89.34,-1116.79,48267.52
400.0,85.1,-159.9,-48188.64,-70.04,-1068.64,48200.54
400.0,85.1,-149.9,-48123.36,-85.80,-987.60,48133.57
400.0,85.1,-139.9,-48058.27,-150.12,-891.89,48066.78
400.0,85.1,-129.9,-47992.14,-268.67,-803.90,47999.62
400.0,85.1,-119.9,-47923.39,-438.28,-747.10,47931.21
400.0,85.1,-109.9,-47850.59,-646.98,-742.77,47860.73
400.0,85.1,-99.9,-47772.95,-875.28,-806.98,47787.78
400.0,85.1,-89.9,-47690.59,-1098.48,-948.14,47712.66
400.0,85.1,-79.9,-47604.82,-1289.58,-1165.55,47636.54
400.0,85.1,-69.9,-47518.32,-1422.74,-1449.08,47561.70
400.0,85.1,-59.9,-47434.93,-1476.44,-1780.08,47491.27
400.0,85.1,-49.9,-47359.43,-1436.22,-2133.31,47429.20
400.0,85.1,-39.9,-47297.12,-1296.49,-2479.70,47379.82
400.0,85.1,-29.9,-47253.24,-1061.30,-2789.45,47347.40
400.0,85.1,-19.9,-47232.60,-744.03,-3035.20,47335.87
400.0,85.1,-9.9,-47238.82,-366.04,-3194.74,47348.14
400.0,85.1,0.1,-47274.16,45.34,-3253.21,47385.98
400.0,85.1,10.1,-47338.86,459.42,-3204.49,47449.42
400.0,85.1,20.1,-47431.29,844.92,-3051.78,47536.88
400.0,85.1,30.1,-47547.77,1172.86,-2807.37,47645.01
400.0,85.1,40.1,-47682.66,1419.29,-2491.61,47768.80
400.0,85.1,50.1,-47828.93,1567.65,-2131.08,47902.04
400.0,85.1,60.1,-47978.45,1610.50,-1756.11,48037.58
400.0,85.1,70.1,-48122.91,1550.47,-1397.63,48168.16
400.0,85.1,80.1,-48254.40,1400.06,-1083.93,48286.87
400.0,85.1,90.1,-48366.12,1180.27,-837.40,48387.77
400.0,85.1,100.1,-48453.14,918.05,-671.97,48466.49
400.0,85.1,110.1,-48512.66,642.96,-591.58,48520.52
400.0,85.1,120.1,-48544.14,383.31,-589.98,48549.25
400.0,85.1,130.1,-48549.24,162.64,-651.99,48553.89
400.0,85.1,140.1,-48531.18,-3.15,-755.95,48537.07
400.0,85.1,150.1,-48494.50,-107.54,-877.00,48502.55
400.0,85.1,160.1,-48444.09,-153.62,-990.74,48454.46
400.0,85.1,170.1,-48384.71,-153.16,-1076.58,48396.93
