2025-01-01,-0.534239,0.774176,0.339472
2025-01-01,-0.536713,0.772739,0.338842
2025-01-01,-0.536713,0.772739,0.338842
2025-01-01,-0.538360,0.771777,0.338420
2025-01-02,-0.530948,0.776073,0.340302
2025-01-02,-0.532602,0.775122,0.339885
2025-01-02,-0.533428,0.774645,0.339676
2025-01-02,-0.534254,0.774168,0.339466
2025-01-03,-0.526819,0.778430,0.341333
2025-01-03,-0.529307,0.777013,0.340712
2025-01-03,-0.530135,0.776540,0.340504
2025-01-03,-0.531790,0.775590,0.340088
2025-01-04,-0.538405,0.771753,0.338403
2025-01-04,-0.540050,0.770789,0.337980
2025-01-04,-0.540872,0.770305,0.337768
2025-01-04,-0.541693,0.769821,0.337556
2025-01-05,-0.534299,0.774144,0.339449
2025-01-05,-0.536773,0.772707,0.338819
2025-01-05,-0.537597,0.772226,0.338609
2025-01-05,-0.539243,0.771263,0.338186
2025-01-06,-0.531835,0.775566,0.340071
2025-01-06,-0.532662,0.775090,0.339862
2025-01-06,-0.533488,0.774613,0.339653
2025-01-06,-0.535139,0.773658,0.339234
2025-01-07,-0.528539,0.777455,0.340897
2025-01-07,-0.530196,0.776508,0.340482
2025-01-07,-0.531023,0.776033,0.340274
2025-01-07,-0.531851,0.775558,0.340065
2025-01-08,-0.538465,0.771721,0.338381
2025-01-08,-0.540110,0.770757,0.337958
2025-01-08,-0.540932,0.770273,0.337746
2025-01-08,-0.542573,0.769304,0.337321
2025-01-09,-0.535185,0.773634,0.339217
2025-01-09,-0.537657,0.772194,0.338586
2025-01-09,-0.537657,0.772194,0.338586
2025-01-09,-0.539303,0.771231,0.338164
2025-01-10,-0.531896,0.775534,0.340049
2025-01-10,-0.533549,0.774582,0.339631
2025-01-10,-0.534374,0.774104,0.339422
2025-01-10,-0.536848,0.772667,0.338791
2025-01-11,-0.526940,0.778368,0.341289
2025-01-11,-0.530256,0.776477,0.340460
2025-01-11,-0.531084,0.776002,0.340252
2025-01-11,-0.532738,0.775051,0.339834
2025-01-12,-0.539348,0.771207,0.338147
2025-01-12,-0.540991,0.770241,0.337723
2025-01-12,-0.541813,0.769757,0.337511
2025-01-12,-0.542633,0.769272,0.337299
2025-01-13,-0.535245,0.773602,0.339195
2025-01-13,-0.537717,0.772162,0.338564
2025-01-13,-0.538540,0.771681,0.338353
2025-01-13,-0.540185,0.770716,0.337930
2025-01-14,-0.532783,0.775027,0.339818
2025-01-14,-0.533609,0.774550,0.339609
2025-01-14,-0.534435,0.774072,0.339399
2025-01-14,-0.536084,0.773115,0.338979
2025-01-15,-0.528660,0.777392,0.340853
2025-01-15,-0.531144,0.775970,0.340229
2025-01-15,-0.531971,0.775495,0.340021
2025-01-15,-0.532798,0.775019,0.339812
2025-01-16,-0.539408,0.771175,0.338125
2025-01-16,-0.541051,0.770209,0.337701
2025-01-16,-0.541873,0.769724,0.337489
2025-01-16,-0.543513,0.768754,0.337063
2025-01-17,-0.536130,0.773091,0.338963
2025-01-17,-0.538600,0.771649,0.338330
2025-01-17,-0.538600,0.771649,0.338330
2025-01-17,-0.540245,0.770684,0.337907
2025-01-18,-0.532843,0.774995,0.339795
2025-01-18,-0.534495,0.774040,0.339377
2025-01-18,-0.535320,0.773562,0.339167
2025-01-18,-0.536969,0.772603,0.338747
2025-01-19,-0.527891,0.777833,0.341038
2025-01-19,-0.531204,0.775939,0.340207
2025-01-19,-0.532032,0.775463,0.339999
2025-01-19,-0.533684,0.774510,0.339581
2025-01-20,-0.540290,0.770660,0.337891
2025-01-20,-0.541932,0.769692,0.337466
2025-01-20,-0.542753,0.769207,0.337254
2025-01-20,-0.544392,0.768235,0.336827
2025-01-21,-0.536190,0.773059,0.338940
2025-01-21,-0.538660,0.771617,0.338308
2025-01-21,-0.539483,0.771135,0.338097
2025-01-21,-0.541126,0.770168,0.337673
2025-01-22,-0.533729,0.774486,0.339564
2025-01-22,-0.534555,0.774009,0.339355
2025-01-22,-0.535380,0.773530,0.339145
2025-01-22,-0.537029,0.772571,0.338724
2025-01-23,-0.528781,0.777329,0.340808
2025-01-23,-0.532092,0.775432,0.339976
2025-01-23,-0.532919,0.774955,0.339768
2025-01-23,-0.533745,0.774478,0.339558
2025-01-24,-0.541171,0.770144,0.337656
2025-01-24,-0.541992,0.769660,0.337444
2025-01-24,-0.542813,0.769175,0.337231
2025-01-24,-0.544452,0.768202,0.336805
2025-01-25,-0.537074,0.772547,0.338707
2025-01-25,-0.539543,0.771103,0.338074
2025-01-25,-0.540365,0.770620,0.337863
2025-01-25,-0.541186,0.770136,0.337650
2025-01-26,-0.533790,0.774455,0.339542
2025-01-26,-0.535440,0.773498,0.339122
2025-01-26,-0.536265,0.773019,0.338912
2025-01-26,-0.537912,0.772058,0.338491
2025-01-27,-0.528841,0.777298,0.340786
2025-01-27,-0.532152,0.775400,0.339954
2025-01-27,-0.532979,0.774924,0.339745
2025-01-27,-0.534630,0.773969,0.339327
2025-01-28,-0.541231,0.770112,0.337634
2025-01-28,-0.542873,0.769142,0.337208
2025-01-28,-0.543692,0.768656,0.336995
2025-01-28,-0.545331,0.767682,0.336568
2025-01-29,-0.537134,0.772515,0.338685
2025-01-29,-0.539603,0.771070,0.338052
2025-01-29,-0.540425,0.770588,0.337840
2025-01-29,-0.542067,0.769619,0.337416
2025-01-30,-0.534676,0.773945,0.339310
2025-01-30,-0.535501,0.773466,0.339100
2025-01-30,-0.536325,0.772987,0.338890
2025-01-30,-0.537973,0.772026,0.338469
2025-01-31,-0.529730,0.776793,0.340556
2025-01-31,-0.533039,0.774892,0.339723
2025-01-31,-0.533865,0.774415,0.339514
2025-01-31,-0.534691,0.773937,0.339304
2025-02-01,-0.548198,0.765947,0.335863
2025-02-01,-0.549831,0.764965,0.335433
2025-02-01,-0.552276,0.763486,0.334784
2025-02-01,-0.553903,0.762497,0.334351
2025-02-02,-0.544942,0.767894,0.336715
2025-02-02,-0.546579,0.766918,0.336287
2025-02-02,-0.547396,0.766428,0.336073
2025-02-02,-0.549846,0.764956,0.335427
2025-02-03,-0.541678,0.769829,0.337562
2025-02-03,-0.542498,0.769345,0.337349
2025-02-03,-0.544138,0.768373,0.336923
2025-02-03,-0.545776,0.767398,0.336496
2025-02-04,-0.552320,0.763461,0.334767
2025-02-04,-0.553947,0.762472,0.334334
2025-02-04,-0.555572,0.761480,0.333898
2025-02-04,-0.557195,0.760484,0.333462
2025-02-05,-0.549074,0.765423,0.335626
2025-02-05,-0.549890,0.764932,0.335410
2025-02-05,-0.550706,0.764440,0.335194
2025-02-05,-0.553962,0.762464,0.334328
2025-02-06,-0.545820,0.767374,0.336479
2025-02-06,-0.547456,0.766396,0.336050
2025-02-06,-0.548273,0.765906,0.335835
2025-02-06,-0.549089,0.765415,0.335620
2025-02-07,-0.541738,0.769797,0.337539
2025-02-07,-0.544198,0.768340,0.336901
2025-02-07,-0.545017,0.767853,0.336687
2025-02-07,-0.546653,0.766877,0.336259
2025-02-08,-0.553193,0.762934,0.334528
2025-02-08,-0.554819,0.761943,0.334093
2025-02-08,-0.556443,0.760949,0.333658
2025-02-08,-0.557254,0.760451,0.333439
2025-02-09,-0.549134,0.765390,0.335603
2025-02-09,-0.550765,0.764407,0.335172
2025-02-09,-0.552394,0.763420,0.334739
2025-02-09,-0.554834,0.761935,0.334088
2025-02-10,-0.545880,0.767341,0.336456
2025-02-10,-0.547516,0.766363,0.336027
2025-02-10,-0.548333,0.765873,0.335812
2025-02-10,-0.550780,0.764398,0.335166
2025-02-11,-0.542618,0.769280,0.337304
2025-02-11,-0.543438,0.768794,0.337091
2025-02-11,-0.545077,0.767821,0.336664
2025-02-11,-0.546713,0.766844,0.336236
2025-02-12,-0.553253,0.762901,0.334505
2025-02-12,-0.554879,0.761910,0.334071
2025-02-12,-0.556503,0.760916,0.333635
2025-02-12,-0.558124,0.759919,0.333198
2025-02-13,-0.550009,0.764866,0.335365
2025-02-13,-0.550825,0.764374,0.335149
2025-02-13,-0.551640,0.763881,0.334933
2025-02-13,-0.554893,0.761901,0.334065
2025-02-14,-0.546758,0.766820,0.336219
2025-02-14,-0.548392,0.765840,0.335790
2025-02-14,-0.549209,0.765349,0.335575
2025-02-14,-0.550024,0.764858,0.335359
2025-02-15,-0.542678,0.769247,0.337282
2025-02-15,-0.544317,0.768275,0.336855
2025-02-15,-0.545955,0.767300,0.336428
2025-02-15,-0.547590,0.766322,0.335999
2025-02-16,-0.554125,0.762372,0.334265
2025-02-16,-0.555750,0.761380,0.333830
2025-02-16,-0.557373,0.760384,0.333394
2025-02-16,-0.558183,0.759885,0.333175
2025-02-17,-0.550069,0.764833,0.335342
2025-02-17,-0.551699,0.763848,0.334910
2025-02-17,-0.552513,0.763354,0.334694
2025-02-17,-0.555765,0.761372,0.333824
2025-02-18,-0.546818,0.766787,0.336197
2025-02-18,-0.548452,0.765808,0.335767
2025-02-18,-0.549268,0.765317,0.335552
2025-02-18,-0.550899,0.764333,0.335121
2025-02-19,-0.543558,0.768729,0.337046
2025-02-19,-0.546015,0.767268,0.336405
2025-02-19,-0.546015,0.767268,0.336405
2025-02-19,-0.547650,0.766289,0.335976
2025-02-20,-0.554185,0.762339,0.334242
2025-02-20,-0.555809,0.761347,0.333807
2025-02-20,-0.556621,0.760849,0.333589
2025-02-20,-0.559052,0.759352,0.332933
2025-02-21,-0.550944,0.764308,0.335103
2025-02-21,-0.551758,0.763815,0.334887
2025-02-21,-0.552573,0.763321,0.334671
2025-02-21,-0.555824,0.761338,0.333801
2025-02-22,-0.547695,0.766265,0.335959
2025-02-22,-0.549328,0.765284,0.335529
2025-02-22,-0.550143,0.764792,0.335314
2025-02-22,-0.550959,0.764300,0.335098
2025-02-23,-0.543618,0.768697,0.337024
2025-02-23,-0.545256,0.767723,0.336597
2025-02-23,-0.546892,0.766746,0.336168
2025-02-23,-0.548526,0.765767,0.335739
2025-02-24,-0.555057,0.761810,0.334002
2025-02-24,-0.556680,0.760816,0.333566
2025-02-24,-0.557491,0.760318,0.333348
2025-02-24,-0.559111,0.759319,0.332910
2025-02-25,-0.551003,0.764275,0.335081
2025-02-25,-0.552632,0.763288,0.334648
2025-02-25,-0.553446,0.762793,0.334431
2025-02-25,-0.556695,0.760808,0.333561
2025-02-26,-0.547754,0.766232,0.335937
2025-02-26,-0.549387,0.765251,0.335507
2025-02-26,-0.550203,0.764759,0.335291
2025-02-26,-0.551833,0.763774,0.334859
2025-02-27,-0.544497,0.768178,0.336788
2025-02-27,-0.546134,0.767202,0.336360
2025-02-27,-0.546134,0.767202,0.336360
2025-02-27,-0.548586,0.765734,0.335716
2025-02-28,-0.555116,0.761777,0.333979
2025-02-28,-0.556739,0.760783,0.333543
2025-02-28,-0.557550,0.760284,0.333325
2025-02-28,-0.559980,0.758785,0.332668
2025-03-01,-0.562007,0.757507,0.332163
2025-03-01,-0.563621,0.756500,0.331721
2025-03-01,-0.564428,0.755995,0.331500
2025-03-01,-0.566844,0.754478,0.330834
2025-03-02,-0.560405,0.758502,0.332597
2025-03-02,-0.561214,0.758000,0.332377
2025-03-02,-0.561214,0.758000,0.332377
2025-03-02,-0.562829,0.756995,0.331936
2025-03-03,-0.555557,0.761488,0.333904
2025-03-03,-0.557991,0.759994,0.333249
2025-03-03,-0.559611,0.758995,0.332811
2025-03-03,-0.560420,0.758494,0.332591
2025-03-04,-0.566083,0.754959,0.331039
2025-03-04,-0.567692,0.753945,0.330595
2025-03-04,-0.568496,0.753437,0.330372
2025-03-04,-0.570101,0.752419,0.329925
2025-03-05,-0.562873,0.756970,0.331919
2025-03-05,-0.564487,0.755962,0.331477
2025-03-05,-0.565292,0.755456,0.331255
2025-03-05,-0.566098,0.754950,0.331033
2025-03-06,-0.559655,0.758969,0.332794
2025-03-06,-0.561273,0.757967,0.332354
2025-03-06,-0.562081,0.757465,0.332134
2025-03-06,-0.563695,0.756458,0.331692
2025-03-07,-0.556428,0.760957,0.333663
2025-03-07,-0.558050,0.759961,0.333226
2025-03-07,-0.559670,0.758961,0.332788
2025-03-07,-0.561287,0.757958,0.332348
2025-03-08,-0.566142,0.754925,0.331016
2025-03-08,-0.568554,0.753403,0.330349
2025-03-08,-0.569357,0.752894,0.330126
2025-03-08,-0.570962,0.751874,0.329678
2025-03-09,-0.562932,0.756936,0.331896
2025-03-09,-0.564545,0.755928,0.331454
2025-03-09,-0.565351,0.755422,0.331232
2025-03-09,-0.567765,0.753902,0.330566
2025-03-10,-0.560523,0.758435,0.332551
2025-03-10,-0.562140,0.757431,0.332111
2025-03-10,-0.562140,0.757431,0.332111
2025-03-10,-0.563754,0.756424,0.331669
2025-03-11,-0.556488,0.760924,0.333640
2025-03-11,-0.558919,0.759428,0.332984
2025-03-11,-0.560538,0.758427,0.332545
2025-03-11,-0.562154,0.757422,0.332105
2025-03-12,-0.567005,0.754384,0.330771
2025-03-12,-0.568613,0.753369,0.330326
2025-03-12,-0.569416,0.752860,0.330102
2025-03-12,-0.571020,0.751840,0.329655
2025-03-13,-0.563798,0.756398,0.331652
2025-03-13,-0.565410,0.755389,0.331209
2025-03-13,-0.566215,0.754883,0.330987
2025-03-13,-0.567020,0.754376,0.330765
2025-03-14,-0.559773,0.758902,0.332748
2025-03-14,-0.563006,0.756894,0.331867
2025-03-14,-0.563006,0.756894,0.331867
2025-03-14,-0.564619,0.755885,0.331425
2025-03-15,-0.557358,0.760393,0.333399
2025-03-15,-0.558169,0.759894,0.333180
2025-03-15,-0.559788,0.758894,0.332742
2025-03-15,-0.562213,0.757389,0.332082
2025-03-16,-0.567064,0.754350,0.330748
2025-03-16,-0.569475,0.752825,0.330079
2025-03-16,-0.570277,0.752316,0.329856
2025-03-16,-0.571880,0.751294,0.329408
2025-03-17,-0.563050,0.756869,0.331850
2025-03-17,-0.565469,0.755355,0.331186
2025-03-17,-0.566274,0.754849,0.330964
2025-03-17,-0.567883,0.753834,0.330520
2025-03-18,-0.561450,0.757866,0.332285
2025-03-18,-0.563872,0.756356,0.331623
2025-03-18,-0.563872,0.756356,0.331623
2025-03-18,-0.564678,0.755852,0.331402
2025-03-19,-0.557417,0.760359,0.333376
2025-03-19,-0.559038,0.759361,0.332939
2025-03-19,-0.561464,0.757858,0.332280
2025-03-19,-0.563079,0.756852,0.331839
2025-03-20,-0.567927,0.753809,0.330502
2025-03-20,-0.570336,0.752282,0.329833
2025-03-20,-0.570336,0.752282,0.329833
2025-03-20,-0.571939,0.751260,0.329385
2025-03-21,-0.563916,0.756331,0.331606
2025-03-21,-0.566333,0.754815,0.330941
2025-03-21,-0.567137,0.754308,0.330719
2025-03-21,-0.569548,0.752783,0.330050
2025-03-22,-0.560700,0.758334,0.332482
2025-03-22,-0.563930,0.756323,0.331600
2025-03-22,-0.564737,0.755818,0.331379
2025-03-22,-0.565542,0.755312,0.331157
2025-03-23,-0.558287,0.759827,0.333135
2025-03-23,-0.559097,0.759327,0.332916
2025-03-23,-0.560715,0.758326,0.332477
2025-03-23,-0.563138,0.756818,0.331816
2025-03-24,-0.567985,0.753775,0.330479
2025-03-24,-0.570394,0.752247,0.329810
2025-03-24,-0.571196,0.751737,0.329586
2025-03-24,-0.572798,0.750714,0.329137
2025-03-25,-0.565586,0.755287,0.331140
2025-03-25,-0.566391,0.754781,0.330918
2025-03-25,-0.567196,0.754274,0.330696
2025-03-25,-0.568803,0.753258,0.330251
2025-03-26,-0.562375,0.757296,0.332019
2025-03-26,-0.564795,0.755784,0.331356
2025-03-26,-0.565601,0.755278,0.331134
2025-03-26,-0.565601,0.755278,0.331134
2025-03-27,-0.558346,0.759794,0.333112
2025-03-27,-0.559965,0.758793,0.332673
2025-03-27,-0.561582,0.757790,0.332234
2025-03-27,-0.564004,0.756280,0.331572
2025-03-28,-0.568847,0.753232,0.330233
2025-03-28,-0.571254,0.751703,0.329563
2025-03-28,-0.571254,0.751703,0.329563
2025-03-28,-0.572856,0.750679,0.329114
2025-03-29,-0.565645,0.755253,0.331117
2025-03-29,-0.567255,0.754240,0.330673
2025-03-29,-0.568059,0.753732,0.330450
2025-03-29,-0.570467,0.752205,0.329781
2025-03-30,-0.561627,0.757765,0.332216
2025-03-30,-0.564048,0.756255,0.331554
2025-03-30,-0.565660,0.755244,0.331111
2025-03-30,-0.567269,0.754231,0.330667
2025-03-31,-0.559215,0.759260,0.332870
2025-03-31,-0.560024,0.758760,0.332650
2025-03-31,-0.560833,0.758259,0.332431
2025-03-31,-0.564063,0.756246,0.331549
2025-04-01,-0.576459,0.748343,0.328144
2025-04-01,-0.578054,0.747310,0.327691
2025-04-01,-0.578054,0.747310,0.327691
2025-04-01,-0.579646,0.746275,0.327237
2025-04-02,-0.572477,0.750903,0.329265
2025-04-02,-0.574876,0.749364,0.328590
2025-04-02,-0.575675,0.748849,0.328364
2025-04-02,-0.577271,0.747818,0.327912
2025-04-03,-0.569284,0.752937,0.330155
2025-04-03,-0.570889,0.751917,0.329707
2025-04-03,-0.571690,0.751406,0.329483
2025-04-03,-0.573292,0.750382,0.329034
2025-04-04,-0.579690,0.746249,0.327220
2025-04-04,-0.581280,0.745210,0.326765
2025-04-04,-0.582868,0.744169,0.326308
2025-04-04,-0.584454,0.743125,0.325850
2025-04-05,-0.576517,0.748308,0.328121
2025-04-05,-0.578112,0.747275,0.327668
2025-04-05,-0.578908,0.746758,0.327441
2025-04-05,-0.580500,0.745721,0.326987
2025-04-06,-0.573336,0.750356,0.329017
2025-04-06,-0.574935,0.749329,0.328567
2025-04-06,-0.575733,0.748815,0.328341
2025-04-06,-0.577329,0.747783,0.327889
2025-04-07,-0.570145,0.752393,0.329908
2025-04-07,-0.571749,0.751372,0.329460
2025-04-07,-0.572550,0.750860,0.329236
2025-04-07,-0.573350,0.750347,0.329011
2025-04-08,-0.580543,0.745695,0.326969
2025-04-08,-0.581338,0.745175,0.326741
2025-04-08,-0.582926,0.744134,0.326285
2025-04-08,-0.585304,0.742567,0.325597
2025-04-09,-0.577373,0.747757,0.327871
2025-04-09,-0.578966,0.746723,0.327418
2025-04-09,-0.579762,0.746205,0.327191
2025-04-09,-0.580558,0.745686,0.326963
2025-04-10,-0.573394,0.750322,0.328994
2025-04-10,-0.575792,0.748780,0.328318
2025-04-10,-0.576590,0.748265,0.328092
2025-04-10,-0.578184,0.747232,0.327639
2025-04-11,-0.570204,0.752359,0.329885
2025-04-11,-0.571807,0.751337,0.329437
2025-04-11,-0.572608,0.750826,0.329213
2025-04-11,-0.574208,0.749800,0.328763
2025-04-12,-0.580601,0.745660,0.326946
2025-04-12,-0.582191,0.744620,0.326490
2025-04-12,-0.583777,0.743577,0.326032
2025-04-12,-0.586154,0.742008,0.325344
2025-04-13,-0.577431,0.747723,0.327848
2025-04-13,-0.579025,0.746688,0.327394
2025-04-13,-0.579821,0.746170,0.327167
2025-04-13,-0.581411,0.745131,0.326712
2025-04-14,-0.574252,0.749774,0.328745
2025-04-14,-0.575051,0.749260,0.328520
2025-04-14,-0.576648,0.748230,0.328068
2025-04-14,-0.578243,0.747197,0.327616
2025-04-15,-0.571064,0.751814,0.329638
2025-04-15,-0.572667,0.750791,0.329189
2025-04-15,-0.573467,0.750279,0.328965
2025-04-15,-0.574267,0.749765,0.328740
2025-04-16,-0.581454,0.745105,0.326694
2025-04-16,-0.582248,0.744585,0.326466
2025-04-16,-0.583042,0.744064,0.326238
2025-04-16,-0.585420,0.742496,0.325550
2025-04-17,-0.578286,0.747171,0.327598
2025-04-17,-0.579879,0.746135,0.327144
2025-04-17,-0.580674,0.745616,0.326916
2025-04-17,-0.581469,0.745096,0.326688
2025-04-18,-0.574310,0.749739,0.328722
2025-04-18,-0.576706,0.748195,0.328045
2025-04-18,-0.577504,0.747679,0.327819
2025-04-18,-0.579097,0.746645,0.327365
2025-04-19,-0.571123,0.751780,0.329615
2025-04-19,-0.572725,0.750757,0.329166
2025-04-19,-0.573525,0.750244,0.328941
2025-04-19,-0.575124,0.749217,0.328491
2025-04-20,-0.581512,0.745070,0.326671
2025-04-20,-0.583100,0.744029,0.326214
2025-04-20,-0.584686,0.742984,0.325756
2025-04-20,-0.587060,0.741412,0.325067
2025-04-21,-0.578344,0.747136,0.327575
2025-04-21,-0.579937,0.746100,0.327121
2025-04-21,-0.580732,0.745581,0.326893
2025-04-21,-0.582321,0.744541,0.326437
2025-04-22,-0.575168,0.749191,0.328474
2025-04-22,-0.575966,0.748676,0.328248
2025-04-22,-0.577562,0.747644,0.327796
2025-04-22,-0.579155,0.746610,0.327342
2025-04-23,-0.571983,0.751234,0.329367
2025-04-23,-0.573584,0.750210,0.328918
2025-04-23,-0.574383,0.749696,0.328693
2025-04-23,-0.575182,0.749182,0.328468
2025-04-24,-0.582364,0.744515,0.326419
2025-04-24,-0.583158,0.743994,0.326191
2025-04-24,-0.583951,0.743472,0.325962
2025-04-24,-0.586327,0.741902,0.325274
2025-04-25,-0.579199,0.746584,0.327324
2025-04-25,-0.580790,0.745546,0.326870
2025-04-25,-0.581585,0.745027,0.326642
2025-04-25,-0.582379,0.744506,0.326413
2025-04-26,-0.575226,0.749156,0.328450
2025-04-26,-0.576823,0.748126,0.327999
2025-04-26,-0.578417,0.747093,0.327546
2025-04-26,-0.580009,0.746057,0.327091
2025-04-27,-0.572041,0.751200,0.329344
2025-04-27,-0.573642,0.750175,0.328895
2025-04-27,-0.574442,0.749662,0.328670
2025-04-27,-0.576039,0.748633,0.328219
2025-04-28,-0.582422,0.744480,0.326396
2025-04-28,-0.584009,0.743437,0.325938
2025-04-28,-0.585593,0.742390,0.325480
2025-04-28,-0.587175,0.741342,0.325020
2025-04-29,-0.579257,0.746549,0.327301
2025-04-29,-0.580848,0.745511,0.326846
2025-04-29,-0.581643,0.744992,0.326618
2025-04-29,-0.583230,0.743950,0.326162
2025-04-30,-0.576083,0.748607,0.328201
2025-04-30,-0.576881,0.748091,0.327975
2025-04-30,-0.578475,0.747058,0.327522
2025-04-30,-0.580067,0.746022,0.327068
2025-05-01,-0.589944,0.739475,0.324256
2025-05-01,-0.592307,0.737889,0.323560
2025-05-01,-0.593094,0.737359,0.323328
2025-05-01,-0.594665,0.736297,0.322862
2025-05-02,-0.586009,0.742096,0.325403
2025-05-02,-0.588381,0.740520,0.324712
2025-05-02,-0.589959,0.739466,0.324250
2025-05-02,-0.591535,0.738410,0.323787
2025-05-03,-0.583647,0.743656,0.326085
2025-05-03,-0.585232,0.742611,0.325627
2025-05-03,-0.585232,0.742611,0.325627
2025-05-03,-0.587605,0.741037,0.324937
2025-05-04,-0.593923,0.736802,0.323077
2025-05-04,-0.595493,0.735738,0.322611
2025-05-04,-0.596277,0.735205,0.322377
2025-05-04,-0.598627,0.733602,0.321674
2025-05-05,-0.590790,0.738912,0.324001
2025-05-05,-0.592365,0.737854,0.323537
2025-05-05,-0.593151,0.737323,0.323304
2025-05-05,-0.594723,0.736261,0.322838
2025-05-06,-0.586858,0.741536,0.325149
2025-05-06,-0.589227,0.739958,0.324458
2025-05-06,-0.590804,0.738903,0.323995
2025-05-06,-0.591592,0.738374,0.323763
2025-05-07,-0.583705,0.743621,0.326062
2025-05-07,-0.585290,0.742576,0.325603
2025-05-07,-0.586081,0.742052,0.325374
2025-05-07,-0.588453,0.740476,0.324683
2025-05-08,-0.594766,0.736234,0.322821
2025-05-08,-0.596335,0.735169,0.322354
2025-05-08,-0.597901,0.734101,0.321885
2025-05-08,-0.598684,0.733566,0.321651
2025-05-09,-0.590848,0.738876,0.323977
2025-05-09,-0.593209,0.737288,0.323281
2025-05-09,-0.593995,0.736757,0.323048
2025-05-09,-0.595565,0.735693,0.322581
2025-05-10,-0.586916,0.741501,0.325126
2025-05-10,-0.588496,0.740449,0.324665
2025-05-10,-0.590862,0.738867,0.323971
2025-05-10,-0.592437,0.737809,0.323507
2025-05-11,-0.584556,0.743063,0.325809
2025-05-11,-0.586139,0.742016,0.325350
2025-05-11,-0.586139,0.742016,0.325350
2025-05-11,-0.588510,0.740441,0.324659
2025-05-12,-0.594038,0.736730,0.323030
2025-05-12,-0.596392,0.735133,0.322330
2025-05-12,-0.597175,0.734599,0.322096
2025-05-12,-0.599523,0.732994,0.321392
2025-05-13,-0.591693,0.738312,0.323722
2025-05-13,-0.593266,0.737252,0.323257
2025-05-13,-0.594052,0.736721,0.323024
2025-05-13,-0.595622,0.735657,0.322558
2025-05-14,-0.587764,0.740940,0.324872
2025-05-14,-0.589343,0.739887,0.324410
2025-05-14,-0.591707,0.738303,0.323716
2025-05-14,-0.592494,0.737773,0.323484
2025-05-15,-0.584613,0.743028,0.325786
2025-05-15,-0.586197,0.741981,0.325327
2025-05-15,-0.586988,0.741456,0.325097
2025-05-15,-0.589357,0.739878,0.324405
2025-05-16,-0.594880,0.736162,0.322773
2025-05-16,-0.597233,0.734563,0.322072
2025-05-16,-0.598015,0.734029,0.321838
2025-05-16,-0.599580,0.732957,0.321368
2025-05-17,-0.591750,0.738276,0.323698
2025-05-17,-0.594109,0.736685,0.323001
2025-05-17,-0.594894,0.736153,0.322767
2025-05-17,-0.596463,0.735088,0.322300
2025-05-18,-0.587821,0.740905,0.324849
2025-05-18,-0.589400,0.739852,0.324387
2025-05-18,-0.590189,0.739324,0.324156
2025-05-18,-0.593338,0.737207,0.323227
2025-05-19,-0.585463,0.742470,0.325533
2025-05-19,-0.587045,0.741421,0.325073
2025-05-19,-0.587045,0.741421,0.325073
2025-05-19,-0.589415,0.739843,0.324381
2025-05-20,-0.594937,0.736126,0.322750
2025-05-20,-0.597290,0.734527,0.322048
2025-05-20,-0.598073,0.733992,0.321814
2025-05-20,-0.600418,0.732385,0.321109
2025-05-21,-0.592594,0.737711,0.323442
2025-05-21,-0.594952,0.736117,0.322744
2025-05-21,-0.594952,0.736117,0.322744
2025-05-21,-0.596520,0.735052,0.322276
2025-05-22,-0.588669,0.740343,0.324594
2025-05-22,-0.590246,0.739289,0.324132
2025-05-22,-0.592609,0.737702,0.323436
2025-05-22,-0.594181,0.736640,0.322971
2025-05-23,-0.585521,0.742435,0.325509
2025-05-23,-0.587103,0.741386,0.325049
2025-05-23,-0.587893,0.740860,0.324819
2025-05-23,-0.590261,0.739280,0.324126
2025-05-24,-0.595779,0.735558,0.322492
2025-05-24,-0.598130,0.733956,0.321790
2025-05-24,-0.598912,0.733421,0.321555
2025-05-24,-0.600475,0.732348,0.321085
2025-05-25,-0.592652,0.737675,0.323418
2025-05-25,-0.594224,0.736613,0.322953
2025-05-25,-0.595794,0.735549,0.322486
2025-05-25,-0.597361,0.734482,0.322019
2025-05-26,-0.589515,0.739781,0.324340
2025-05-26,-0.590304,0.739253,0.324108
2025-05-26,-0.591092,0.738725,0.323877
2025-05-26,-0.594238,0.736604,0.322947
2025-05-27,-0.586370,0.741875,0.325256
2025-05-27,-0.587951,0.740825,0.324796
2025-05-27,-0.588741,0.740299,0.324565
2025-05-27,-0.589530,0.739772,0.324334
2025-05-28,-0.595837,0.735522,0.322469
2025-05-28,-0.598187,0.733920,0.321766
2025-05-28,-0.598969,0.733385,0.321532
2025-05-28,-0.601313,0.731775,0.320826
2025-05-29,-0.593495,0.737109,0.323162
2025-05-29,-0.595066,0.736046,0.322696
2025-05-29,-0.595066,0.736046,0.322696
2025-05-29,-0.597418,0.734446,0.321995
2025-05-30,-0.589573,0.739745,0.324316
2025-05-30,-0.591149,0.738689,0.323853
2025-05-30,-0.591937,0.738160,0.323621
2025-05-30,-0.595081,0.736037,0.322690
2025-05-31,-0.586428,0.741840,0.325232
2025-05-31,-0.588009,0.740789,0.324772
2025-05-31,-0.588798,0.740263,0.324541
2025-05-31,-0.591164,0.738680,0.323847
2025-06-01,-0.602488,0.730944,0.320515
2025-06-01,-0.604824,0.729324,0.319804
2025-06-01,-0.605601,0.728783,0.319567
2025-06-01,-0.607154,0.727698,0.319092
2025-06-02,-0.600942,0.732011,0.320981
2025-06-02,-0.602502,0.730934,0.320509
2025-06-02,-0.602502,0.730934,0.320509
2025-06-02,-0.603281,0.730395,0.320272
2025-06-03,-0.597830,0.734146,0.321915
2025-06-03,-0.599394,0.733075,0.321445
2025-06-03,-0.600176,0.732539,0.321210
2025-06-03,-0.601737,0.731464,0.320739
2025-06-04,-0.607197,0.727670,0.319074
2025-06-04,-0.608747,0.726583,0.318597
2025-06-04,-0.608747,0.726583,0.318597
2025-06-04,-0.610296,0.725493,0.318119
2025-06-05,-0.603324,0.730368,0.320254
2025-06-05,-0.605658,0.728746,0.319543
2025-06-05,-0.606435,0.728204,0.319306
2025-06-05,-0.607211,0.727661,0.319068
2025-06-06,-0.600999,0.731974,0.320957
2025-06-06,-0.602559,0.730898,0.320485
2025-06-06,-0.603338,0.730359,0.320248
2025-06-06,-0.604117,0.729819,0.320012
2025-06-07,-0.598669,0.733575,0.321657
2025-06-07,-0.599451,0.733039,0.321422
2025-06-07,-0.600233,0.732503,0.321186
2025-06-07,-0.601794,0.731427,0.320715
2025-06-08,-0.607253,0.727634,0.319050
2025-06-08,-0.608804,0.726546,0.318573
2025-06-08,-0.609578,0.726001,0.318334
2025-06-08,-0.611126,0.724909,0.317855
2025-06-09,-0.604159,0.729791,0.319994
2025-06-09,-0.605715,0.728709,0.319519
2025-06-09,-0.606491,0.728167,0.319282
2025-06-09,-0.608043,0.727081,0.318805
2025-06-10,-0.601837,0.731400,0.320697
2025-06-10,-0.603395,0.730322,0.320225
2025-06-10,-0.604174,0.729782,0.319988
2025-06-10,-0.604174,0.729782,0.319988
2025-06-11,-0.598727,0.733539,0.321633
2025-06-11,-0.600290,0.732466,0.321163
2025-06-11,-0.601071,0.731929,0.320927
2025-06-11,-0.602630,0.730852,0.320455
2025-06-12,-0.608086,0.727053,0.318787
2025-06-12,-0.609635,0.725964,0.318310
2025-06-12,-0.609635,0.725964,0.318310
2025-06-12,-0.611182,0.724872,0.317831
2025-06-13,-0.604994,0.729214,0.319733
2025-06-13,-0.606548,0.728131,0.319258
2025-06-13,-0.607324,0.727588,0.319020
2025-06-13,-0.608875,0.726500,0.318543
2025-06-14,-0.601893,0.731364,0.320673
2025-06-14,-0.603452,0.730286,0.320201
2025-06-14,-0.604230,0.729746,0.319964
2025-06-14,-0.605008,0.729205,0.319727
2025-06-15,-0.599566,0.732967,0.321374
2025-06-15,-0.600347,0.732430,0.321139
2025-06-15,-0.601128,0.731893,0.320903
2025-06-15,-0.602687,0.730816,0.320431
2025-06-16,-0.608142,0.727017,0.318763
2025-06-16,-0.609691,0.725927,0.318286
2025-06-16,-0.610465,0.725382,0.318046
2025-06-16,-0.612011,0.724288,0.317567
2025-06-17,-0.606605,0.728094,0.319234
2025-06-17,-0.606605,0.728094,0.319234
2025-06-17,-0.607381,0.727551,0.318996
2025-06-17,-0.608931,0.726463,0.318519
2025-06-18,-0.602730,0.730789,0.320413
2025-06-18,-0.604287,0.729709,0.319940
2025-06-18,-0.605065,0.729168,0.319703
2025-06-18,-0.606619,0.728085,0.319228
2025-06-19,-0.599622,0.732930,0.321350
2025-06-19,-0.601184,0.731856,0.320879
2025-06-19,-0.601965,0.731318,0.320643
2025-06-19,-0.603523,0.730240,0.320171
2025-06-20,-0.608974,0.726435,0.318501
2025-06-20,-0.610522,0.725345,0.318022
2025-06-20,-0.610522,0.725345,0.318022
2025-06-20,-0.612067,0.724251,0.317543
2025-06-21,-0.605885,0.728599,0.319447
2025-06-21,-0.607437,0.727514,0.318972
2025-06-21,-0.608213,0.726971,0.318733
2025-06-21,-0.609762,0.725881,0.318256
2025-06-22,-0.602787,0.730752,0.320389
2025-06-22,-0.604344,0.729673,0.319916
2025-06-22,-0.605122,0.729132,0.319679
2025-06-22,-0.607452,0.727505,0.318966
2025-06-23,-0.600461,0.732357,0.321091
2025-06-23,-0.601241,0.731820,0.320855
2025-06-23,-0.602021,0.731282,0.320620
2025-06-23,-0.603580,0.730204,0.320147
2025-06-24,-0.609030,0.726399,0.318477
2025-06-24,-0.610578,0.725308,0.317998
2025-06-24,-0.611351,0.724761,0.317759
2025-06-24,-0.612896,0.723666,0.317279
2025-06-25,-0.606718,0.728020,0.319186
2025-06-25,-0.608269,0.726934,0.318709
2025-06-25,-0.609044,0.726389,0.318471
2025-06-25,-0.609819,0.725844,0.318232
2025-06-26,-0.603622,0.730176,0.320129
2025-06-26,-0.605178,0.729095,0.319655
2025-06-26,-0.605956,0.728554,0.319417
2025-06-26,-0.606732,0.728011,0.319180
2025-06-27,-0.598955,0.733394,0.321538
2025-06-27,-0.602078,0.731246,0.320596
2025-06-27,-0.602858,0.730707,0.320359
2025-06-27,-0.604415,0.729627,0.319886
2025-06-28,-0.609861,0.725817,0.318214
2025-06-28,-0.611408,0.724724,0.317735
2025-06-28,-0.612180,0.724177,0.317495
2025-06-28,-0.612952,0.723629,0.317255
2025-06-29,-0.606775,0.727984,0.319162
2025-06-29,-0.609101,0.726353,0.318447
2025-06-29,-0.609875,0.725807,0.318208
2025-06-29,-0.610649,0.725262,0.317968
2025-06-30,-0.603679,0.730140,0.320105
2025-06-30,-0.605235,0.729059,0.319631
2025-06-30,-0.606012,0.728517,0.319393
2025-06-30,-0.608340,0.726888,0.318679
2025-07-01,-0.616424,0.721132,0.316212
2025-07-01,-0.619495,0.718921,0.315243
2025-07-01,-0.620261,0.718367,0.315000
2025-07-01,-0.621027,0.717812,0.314757
2025-07-02,-0.613357,0.723322,0.317171
2025-07-02,-0.614899,0.722224,0.316689
2025-07-02,-0.615669,0.721674,0.316448
2025-07-02,-0.617975,0.720019,0.315722
2025-07-03,-0.609508,0.726047,0.318364
2025-07-03,-0.611055,0.724956,0.317885
2025-07-03,-0.612600,0.723861,0.317405
2025-07-03,-0.614913,0.722215,0.316683
2025-07-04,-0.620303,0.718339,0.314982
2025-07-04,-0.622599,0.716671,0.314251
2025-07-04,-0.623362,0.716114,0.314006
2025-07-04,-0.624888,0.714998,0.313517
2025-07-05,-0.616480,0.721095,0.316188
2025-07-05,-0.618017,0.719990,0.315704
2025-07-05,-0.620317,0.718329,0.314976
2025-07-05,-0.621848,0.717218,0.314489
2025-07-06,-0.614185,0.722736,0.316906
2025-07-06,-0.614955,0.722187,0.316665
2025-07-06,-0.615725,0.721636,0.316424
2025-07-06,-0.618031,0.719981,0.315698
2025-07-07,-0.610338,0.725465,0.318101
2025-07-07,-0.612656,0.723824,0.317381
2025-07-07,-0.613428,0.723276,0.317141
2025-07-07,-0.614199,0.722727,0.316900
2025-07-08,-0.621125,0.717746,0.314714
2025-07-08,-0.621890,0.717190,0.314470
2025-07-08,-0.623418,0.716076,0.313982
2025-07-08,-0.624944,0.714960,0.313492
2025-07-09,-0.617305,0.720505,0.315922
2025-07-09,-0.618840,0.719400,0.315437
2025-07-09,-0.621139,0.717736,0.314708
2025-07-09,-0.621904,0.717180,0.314464
2025-07-10,-0.614241,0.722699,0.316882
2025-07-10,-0.615781,0.721599,0.316400
2025-07-10,-0.616550,0.721048,0.316158
2025-07-10,-0.618854,0.719391,0.315431
2025-07-11,-0.610395,0.725428,0.318077
2025-07-11,-0.611941,0.724335,0.317597
2025-07-11,-0.613484,0.723239,0.317117
2025-07-11,-0.615025,0.722140,0.316635
2025-07-12,-0.621181,0.717708,0.314690
2025-07-12,-0.623474,0.716038,0.313958
2025-07-12,-0.624237,0.715480,0.313713
2025-07-12,-0.625762,0.714362,0.313223
2025-07-13,-0.617361,0.720468,0.315898
2025-07-13,-0.618896,0.719362,0.315413
2025-07-13,-0.619663,0.718808,0.315170
2025-07-13,-0.622724,0.716586,0.314196
2025-07-14,-0.615067,0.722112,0.316617
2025-07-14,-0.615837,0.721562,0.316375
2025-07-14,-0.616606,0.721011,0.316134
2025-07-14,-0.618910,0.719353,0.315407
2025-07-15,-0.611224,0.724845,0.317813
2025-07-15,-0.612769,0.723750,0.317333
2025-07-15,-0.614311,0.722652,0.316852
2025-07-15,-0.615082,0.722103,0.316611
2025-07-16,-0.622001,0.717115,0.314422
2025-07-16,-0.622766,0.716558,0.314178
2025-07-16,-0.624293,0.715443,0.313689
2025-07-16,-0.625817,0.714324,0.313198
2025-07-17,-0.618185,0.719878,0.315631
2025-07-17,-0.619719,0.718771,0.315146
2025-07-17,-0.621250,0.717661,0.314659
2025-07-17,-0.622780,0.716548,0.314172
2025-07-18,-0.615124,0.722075,0.316593
2025-07-18,-0.616662,0.720973,0.316110
2025-07-18,-0.617431,0.720421,0.315868
2025-07-18,-0.619733,0.718762,0.315140
2025-07-19,-0.611281,0.724808,0.317789
2025-07-19,-0.612825,0.723713,0.317309
2025-07-19,-0.614367,0.722615,0.316828
2025-07-19,-0.615907,0.721515,0.316345
2025-07-20,-0.622057,0.717077,0.314397
2025-07-20,-0.623585,0.715963,0.313909
2025-07-20,-0.625111,0.714846,0.313419
2025-07-20,-0.626634,0.713726,0.312928
2025-07-21,-0.618241,0.719841,0.315607
2025-07-21,-0.619775,0.718733,0.315122
2025-07-21,-0.620541,0.718179,0.314879
2025-07-21,-0.623599,0.715953,0.313903
2025-07-22,-0.615949,0.721487,0.316327
2025-07-22,-0.617487,0.720384,0.315843
2025-07-22,-0.617487,0.720384,0.315843
2025-07-22,-0.619022,0.719278,0.315359
2025-07-23,-0.612110,0.724223,0.317525
2025-07-23,-0.613653,0.723127,0.317044
2025-07-23,-0.615194,0.722028,0.316562
2025-07-23,-0.616732,0.720926,0.316079
2025-07-24,-0.622877,0.716482,0.314129
2025-07-24,-0.623641,0.715925,0.313885
2025-07-24,-0.624404,0.715367,0.313640
2025-07-24,-0.626690,0.713688,0.312904
2025-07-25,-0.619064,0.719250,0.315340
2025-07-25,-0.620597,0.718141,0.314854
2025-07-25,-0.621362,0.717586,0.314611
2025-07-25,-0.623655,0.715915,0.313878
2025-07-26,-0.616006,0.721450,0.316303
2025-07-26,-0.617543,0.720346,0.315819
2025-07-26,-0.618311,0.719794,0.315577
2025-07-26,-0.619845,0.718686,0.315091
2025-07-27,-0.612938,0.723639,0.317261
2025-07-27,-0.613709,0.723090,0.317020
2025-07-27,-0.615250,0.721991,0.316538
2025-07-27,-0.616789,0.720889,0.316055
2025-07-28,-0.622933,0.716444,0.314105
2025-07-28,-0.624460,0.715329,0.313615
2025-07-28,-0.625222,0.714770,0.313370
2025-07-28,-0.627506,0.713089,0.312634
2025-07-29,-0.619120,0.719212,0.315316
2025-07-29,-0.620653,0.718103,0.314830
2025-07-29,-0.621418,0.717548,0.314586
2025-07-29,-0.624474,0.715319,0.313609
2025-07-30,-0.616831,0.720861,0.316037
2025-07-30,-0.618367,0.719756,0.315553
2025-07-30,-0.618367,0.719756,0.315553
2025-07-30,-0.619901,0.718649,0.315067
2025-07-31,-0.612994,0.723601,0.317237
2025-07-31,-0.614536,0.722504,0.316755
2025-07-31,-0.616076,0.721403,0.316273
2025-07-31,-0.617613,0.720300,0.315789
2025-08-01,-0.630169,0.711098,0.311812
2025-08-01,-0.631685,0.709969,0.311318
2025-08-01,-0.632441,0.709404,0.311070
2025-08-01,-0.634708,0.707704,0.310324
2025-08-02,-0.627145,0.713337,0.312792
2025-08-02,-0.628665,0.712214,0.312300
2025-08-02,-0.629425,0.711651,0.312053
2025-08-02,-0.630941,0.710524,0.311559
2025-08-03,-0.624112,0.715566,0.313768
2025-08-03,-0.625637,0.714448,0.313278
2025-08-03,-0.625637,0.714448,0.313278
2025-08-03,-0.627919,0.712766,0.312540
2025-08-04,-0.633994,0.708242,0.310555
2025-08-04,-0.635504,0.707107,0.310057
2025-08-04,-0.636257,0.706538,0.309807
2025-08-04,-0.637763,0.705399,0.309308
2025-08-05,-0.630982,0.710495,0.311541
2025-08-05,-0.632496,0.709365,0.311045
2025-08-05,-0.632496,0.709365,0.311045
2025-08-05,-0.634763,0.707665,0.310300
2025-08-06,-0.627961,0.712738,0.312522
2025-08-06,-0.629480,0.711613,0.312029
2025-08-06,-0.630238,0.711050,0.311782
2025-08-06,-0.630996,0.710486,0.311534
2025-08-07,-0.623404,0.716086,0.313988
2025-08-07,-0.625692,0.714410,0.313253
2025-08-07,-0.627215,0.713289,0.312762
2025-08-07,-0.628735,0.712166,0.312269
2025-08-08,-0.634804,0.707636,0.310281
2025-08-08,-0.636312,0.706499,0.309783
2025-08-08,-0.637065,0.705930,0.309533
2025-08-08,-0.637818,0.705360,0.309283
2025-08-09,-0.631038,0.710457,0.311516
2025-08-09,-0.632552,0.709327,0.311021
2025-08-09,-0.633308,0.708761,0.310772
2025-08-09,-0.635572,0.707058,0.310026
2025-08-10,-0.628776,0.712138,0.312251
2025-08-10,-0.629535,0.711575,0.312004
2025-08-10,-0.630294,0.711011,0.311757
2025-08-10,-0.631809,0.709883,0.311262
2025-08-11,-0.624223,0.715490,0.313719
2025-08-11,-0.626509,0.713812,0.312983
2025-08-11,-0.628030,0.712690,0.312491
2025-08-11,-0.628790,0.712128,0.312245
2025-08-12,-0.634105,0.708165,0.310505
2025-08-12,-0.636367,0.706461,0.309758
2025-08-12,-0.637120,0.705891,0.309508
2025-08-12,-0.638624,0.704750,0.309008
2025-08-13,-0.631850,0.709854,0.311244
2025-08-13,-0.633363,0.708722,0.310748
2025-08-13,-0.633363,0.708722,0.310748
2025-08-13,-0.635627,0.707020,0.310001
2025-08-14,-0.628832,0.712099,0.312227
2025-08-14,-0.630349,0.710973,0.311733
2025-08-14,-0.631107,0.710409,0.311485
2025-08-14,-0.632621,0.709279,0.310990
2025-08-15,-0.624279,0.715452,0.313695
2025-08-15,-0.626565,0.713774,0.312959
2025-08-15,-0.627326,0.713213,0.312713
2025-08-15,-0.629605,0.711527,0.311974
2025-08-16,-0.635669,0.706991,0.309983
2025-08-16,-0.637175,0.705852,0.309484
2025-08-16,-0.637928,0.705282,0.309234
2025-08-16,-0.638679,0.704711,0.308983
2025-08-17,-0.631905,0.709815,0.311219
2025-08-17,-0.633418,0.708684,0.310723
2025-08-17,-0.634173,0.708117,0.310475
2025-08-17,-0.636436,0.706412,0.309727
2025-08-18,-0.629646,0.711498,0.311955
2025-08-18,-0.630404,0.710935,0.311708
2025-08-18,-0.631162,0.710371,0.311461
2025-08-18,-0.632676,0.709240,0.310965
2025-08-19,-0.625097,0.714855,0.313425
2025-08-19,-0.627381,0.713175,0.312689
2025-08-19,-0.628901,0.712052,0.312196
2025-08-19,-0.629660,0.711489,0.311949
2025-08-20,-0.634969,0.707520,0.310207
2025-08-20,-0.637230,0.705814,0.309459
2025-08-20,-0.637982,0.705243,0.309209
2025-08-20,-0.639485,0.704101,0.308708
2025-08-21,-0.632717,0.709211,0.310947
2025-08-21,-0.634229,0.708078,0.310450
2025-08-21,-0.634229,0.708078,0.310450
2025-08-21,-0.636491,0.706374,0.309703
2025-08-22,-0.628183,0.712585,0.312424
2025-08-22,-0.631217,0.710332,0.311436
2025-08-22,-0.631975,0.709767,0.311189
2025-08-22,-0.633487,0.708636,0.310693
2025-08-23,-0.625153,0.714817,0.313401
2025-08-23,-0.627437,0.713137,0.312664
2025-08-23,-0.628197,0.712575,0.312418
2025-08-23,-0.630474,0.710887,0.311678
2025-08-24,-0.635779,0.706913,0.309934
2025-08-24,-0.638037,0.705205,0.309184
2025-08-24,-0.638789,0.704634,0.308934
2025-08-24,-0.640290,0.703490,0.308433
2025-08-25,-0.632773,0.709173,0.310922
2025-08-25,-0.634284,0.708040,0.310426
2025-08-25,-0.635038,0.707472,0.310177
2025-08-25,-0.637299,0.705765,0.309428
2025-08-26,-0.629757,0.711422,0.311906
2025-08-26,-0.631273,0.710294,0.311412
2025-08-26,-0.632030,0.709729,0.311164
2025-08-26,-0.633542,0.708597,0.310668
2025-08-27,-0.625970,0.714220,0.313131
2025-08-27,-0.628252,0.712537,0.312394
2025-08-27,-0.629012,0.711975,0.312147
2025-08-27,-0.630529,0.710849,0.311653
2025-08-28,-0.637340,0.705736,0.309410
2025-08-28,-0.638092,0.705166,0.309160
2025-08-28,-0.638844,0.704595,0.308909
2025-08-28,-0.640345,0.703451,0.308408
2025-08-29,-0.633584,0.708568,0.310650
2025-08-29,-0.635093,0.707433,0.310152
2025-08-29,-0.635847,0.706865,0.309903
2025-08-29,-0.637354,0.705726,0.309404
2025-08-30,-0.629053,0.711946,0.312129
2025-08-30,-0.632085,0.709690,0.311140
2025-08-30,-0.632841,0.709125,0.310892
2025-08-30,-0.634353,0.707991,0.310395
2025-08-31,-0.626026,0.714182,0.313107
2025-08-31,-0.627548,0.713061,0.312615
2025-08-31,-0.629067,0.711937,0.312123
2025-08-31,-0.631342,0.710246,0.311381
2025-09-01,-0.643720,0.700844,0.307316
2025-09-01,-0.644467,0.700267,0.307063
2025-09-01,-0.645213,0.699691,0.306811
2025-09-01,-0.648193,0.697377,0.305796
2025-09-02,-0.639989,0.703704,0.308568
2025-09-02,-0.642238,0.701984,0.307814
2025-09-02,-0.642986,0.701409,0.307562
2025-09-02,-0.643733,0.700834,0.307310
2025-09-03,-0.636997,0.705978,0.309564
2025-09-03,-0.638501,0.704838,0.309064
2025-09-03,-0.639252,0.704266,0.308813
2025-09-03,-0.641502,0.702548,0.308060
2025-09-04,-0.646745,0.698506,0.306285
2025-09-04,-0.647489,0.697927,0.306031
2025-09-04,-0.647489,0.697927,0.306031
2025-09-04,-0.650461,0.695605,0.305013
2025-09-05,-0.643774,0.700804,0.307291
2025-09-05,-0.645268,0.699651,0.306786
2025-09-05,-0.646013,0.699074,0.306533
2025-09-05,-0.648990,0.696758,0.305517
2025-09-06,-0.640044,0.703665,0.308544
2025-09-06,-0.642292,0.701945,0.307789
2025-09-06,-0.643040,0.701370,0.307537
2025-09-06,-0.644535,0.700218,0.307032
2025-09-07,-0.637804,0.705370,0.309289
2025-09-07,-0.638556,0.704799,0.309039
2025-09-07,-0.639307,0.704227,0.308788
2025-09-07,-0.641557,0.702509,0.308035
2025-09-08,-0.646799,0.698466,0.306260
2025-09-08,-0.649031,0.696728,0.305498
2025-09-08,-0.649774,0.696147,0.305243
2025-09-08,-0.651257,0.694983,0.304733
2025-09-09,-0.644576,0.700189,0.307014
2025-09-09,-0.645322,0.699612,0.306761
2025-09-09,-0.646068,0.699035,0.306508
2025-09-09,-0.649044,0.696718,0.305492
2025-09-10,-0.640849,0.703053,0.308268
2025-09-10,-0.643095,0.701331,0.307513
2025-09-10,-0.643843,0.700755,0.307260
2025-09-10,-0.644589,0.700179,0.307008
2025-09-11,-0.637859,0.705331,0.309265
2025-09-11,-0.639362,0.704188,0.308764
2025-09-11,-0.640112,0.703616,0.308513
2025-09-11,-0.642361,0.701896,0.307758
2025-09-12,-0.647598,0.697848,0.305982
2025-09-12,-0.649828,0.696107,0.305219
2025-09-12,-0.649828,0.696107,0.305219
2025-09-12,-0.651311,0.694944,0.304708
2025-09-13,-0.644630,0.700150,0.306989
2025-09-13,-0.646122,0.698995,0.306483
2025-09-13,-0.646867,0.698417,0.306229
2025-09-13,-0.649841,0.696097,0.305212
2025-09-14,-0.640903,0.703014,0.308243
2025-09-14,-0.643150,0.701292,0.307488
2025-09-14,-0.643897,0.700716,0.307235
2025-09-14,-0.645390,0.699563,0.306730
2025-09-15,-0.638666,0.704721,0.308990
2025-09-15,-0.639417,0.704149,0.308739
2025-09-15,-0.640167,0.703577,0.308488
2025-09-15,-0.641666,0.702431,0.307985
2025-09-16,-0.647652,0.697809,0.305957
2025-09-16,-0.649882,0.696068,0.305194
2025-09-16,-0.650624,0.695486,0.304939
2025-09-16,-0.652106,0.694321,0.304428
2025-09-17,-0.645431,0.699533,0.306711
2025-09-17,-0.646177,0.698956,0.306458
2025-09-17,-0.646922,0.698378,0.306204
2025-09-17,-0.648410,0.697219,0.305697
2025-09-18,-0.641707,0.702402,0.307967
2025-09-18,-0.643952,0.700677,0.307211
2025-09-18,-0.644698,0.700101,0.306958
2025-09-18,-0.645445,0.699524,0.306705
2025-09-19,-0.638720,0.704682,0.308965
2025-09-19,-0.640222,0.703538,0.308463
2025-09-19,-0.640972,0.702965,0.308212
2025-09-19,-0.643218,0.701243,0.307457
2025-09-20,-0.648450,0.697189,0.305678
2025-09-20,-0.650678,0.695447,0.304914
2025-09-20,-0.651419,0.694864,0.304658
2025-09-20,-0.652900,0.693698,0.304147
2025-09-21,-0.645485,0.699494,0.306686
2025-09-21,-0.646976,0.698338,0.306180
2025-09-21,-0.647720,0.697759,0.305926
2025-09-21,-0.649207,0.696599,0.305417
2025-09-22,-0.641762,0.702362,0.307942
2025-09-22,-0.644006,0.700638,0.307186
2025-09-22,-0.644753,0.700061,0.306933
2025-09-22,-0.646245,0.698907,0.306427
2025-09-23,-0.639526,0.704072,0.308690
2025-09-23,-0.641027,0.702926,0.308187
2025-09-23,-0.641027,0.702926,0.308187
2025-09-23,-0.642524,0.701778,0.307684
2025-09-24,-0.648505,0.697150,0.305653
2025-09-24,-0.649990,0.695989,0.305144
2025-09-24,-0.651473,0.694825,0.304633
2025-09-24,-0.653693,0.693074,0.303866
2025-09-25,-0.646285,0.698877,0.306408
2025-09-25,-0.647030,0.698299,0.306155
2025-09-25,-0.647775,0.697720,0.305901
2025-09-25,-0.649261,0.696560,0.305392
2025-09-26,-0.642565,0.701749,0.307666
2025-09-26,-0.644807,0.700022,0.306908
2025-09-26,-0.645554,0.699445,0.306655
2025-09-26,-0.646299,0.698867,0.306402
2025-09-27,-0.639581,0.704033,0.308665
2025-09-27,-0.641081,0.702887,0.308163
2025-09-27,-0.641830,0.702314,0.307911
2025-09-27,-0.643327,0.701164,0.307407
2025-09-28,-0.649302,0.696530,0.305374
2025-09-28,-0.651527,0.694785,0.304608
2025-09-28,-0.652268,0.694202,0.304353
2025-09-28,-0.653008,0.693618,0.304097
2025-09-29,-0.646340,0.698838,0.306383
2025-09-29,-0.647829,0.697680,0.305876
2025-09-29,-0.648573,0.697100,0.305622
2025-09-29,-0.650058,0.695939,0.305113
2025-09-30,-0.642620,0.701710,0.307641
2025-09-30,-0.644862,0.699983,0.306884
2025-09-30,-0.645608,0.699405,0.306631
2025-09-30,-0.647098,0.698249,0.306124
2025-10-01,-0.656335,0.690960,0.302982
2025-10-01,-0.657807,0.689785,0.302467
2025-10-01,-0.658543,0.689196,0.302209
2025-10-01,-0.659277,0.688607,0.301950
2025-10-02,-0.651917,0.694460,0.304515
2025-10-02,-0.654135,0.692708,0.303747
2025-10-02,-0.655611,0.691537,0.303233
2025-10-02,-0.657085,0.690363,0.302718
2025-10-03,-0.648963,0.696777,0.305529
2025-10-03,-0.650448,0.695615,0.305020
2025-10-03,-0.651930,0.694450,0.304509
2025-10-03,-0.653410,0.693283,0.303997
2025-10-04,-0.659317,0.688577,0.301932
2025-10-04,-0.660785,0.687396,0.301414
2025-10-04,-0.661517,0.686805,0.301155
2025-10-04,-0.663711,0.685027,0.300375
2025-10-05,-0.655652,0.691507,0.303214
2025-10-05,-0.657861,0.689745,0.302442
2025-10-05,-0.658596,0.689156,0.302184
2025-10-05,-0.660065,0.687977,0.301667
2025-10-06,-0.652711,0.693837,0.304234
2025-10-06,-0.654189,0.692668,0.303722
2025-10-06,-0.655665,0.691497,0.303208
2025-10-06,-0.657139,0.690323,0.302693
2025-10-07,-0.649760,0.696157,0.305250
2025-10-07,-0.651243,0.694993,0.304740
2025-10-07,-0.652724,0.693827,0.304228
2025-10-07,-0.653464,0.693243,0.303972
2025-10-08,-0.660105,0.687946,0.301648
2025-10-08,-0.660838,0.687356,0.301389
2025-10-08,-0.661571,0.686764,0.301129
2025-10-08,-0.663765,0.684986,0.300350
2025-10-09,-0.656443,0.690880,0.302932
2025-10-09,-0.658650,0.689116,0.302159
2025-10-09,-0.659384,0.688526,0.301900
2025-10-09,-0.660118,0.687936,0.301641
2025-10-10,-0.652765,0.693797,0.304209
2025-10-10,-0.654981,0.692043,0.303440
2025-10-10,-0.656456,0.690870,0.302926
2025-10-10,-0.657928,0.689694,0.302410
2025-10-11,-0.650556,0.695536,0.304970
2025-10-11,-0.651298,0.694954,0.304715
2025-10-11,-0.652778,0.693787,0.304203
2025-10-11,-0.654257,0.692618,0.303691
2025-10-12,-0.660158,0.687906,0.301623
2025-10-12,-0.661624,0.686724,0.301104
2025-10-12,-0.662356,0.686132,0.300845
2025-10-12,-0.664548,0.684352,0.300064
2025-10-13,-0.655759,0.691427,0.303164
2025-10-13,-0.658704,0.689076,0.302133
2025-10-13,-0.659438,0.688486,0.301875
2025-10-13,-0.660905,0.687305,0.301357
2025-10-14,-0.653558,0.693173,0.303928
2025-10-14,-0.655773,0.691417,0.303158
2025-10-14,-0.655773,0.691417,0.303158
2025-10-14,-0.657982,0.689654,0.302385
2025-10-15,-0.651352,0.694914,0.304690
2025-10-15,-0.652092,0.694331,0.304434
2025-10-15,-0.653572,0.693163,0.303922
2025-10-15,-0.655049,0.691993,0.303409
2025-10-16,-0.660945,0.687275,0.301338
2025-10-16,-0.661678,0.686683,0.301079
2025-10-16,-0.662410,0.686091,0.300819
2025-10-16,-0.664601,0.684311,0.300039
2025-10-17,-0.657286,0.690212,0.302624
2025-10-17,-0.659492,0.688446,0.301850
2025-10-17,-0.660225,0.687856,0.301591
2025-10-17,-0.660958,0.687265,0.301332
2025-10-18,-0.653612,0.693133,0.303903
2025-10-18,-0.655089,0.691963,0.303390
2025-10-18,-0.657300,0.690202,0.302618
2025-10-18,-0.658771,0.689025,0.302102
2025-10-19,-0.652146,0.694291,0.304409
2025-10-19,-0.652886,0.693708,0.304153
2025-10-19,-0.652886,0.693708,0.304153
2025-10-19,-0.655103,0.691953,0.303384
2025-10-20,-0.660999,0.687235,0.301313
2025-10-20,-0.662463,0.686051,0.300794
2025-10-20,-0.663194,0.685458,0.300534
2025-10-20,-0.665384,0.683676,0.299753
2025-10-21,-0.656604,0.690760,0.302857
2025-10-21,-0.659545,0.688405,0.301825
2025-10-21,-0.660279,0.687815,0.301566
2025-10-21,-0.661744,0.686633,0.301048
2025-10-22,-0.654405,0.692509,0.303622
2025-10-22,-0.656617,0.690750,0.302851
2025-10-22,-0.656617,0.690750,0.302851
2025-10-22,-0.658824,0.688985,0.302077
2025-10-23,-0.652200,0.694251,0.304384
2025-10-23,-0.653680,0.693083,0.303872
2025-10-23,-0.653680,0.693083,0.303872
2025-10-23,-0.655894,0.691327,0.303102
2025-10-24,-0.661784,0.686603,0.301029
2025-10-24,-0.663247,0.685417,0.300509
2025-10-24,-0.663247,0.685417,0.300509
2025-10-24,-0.665437,0.683635,0.299728
2025-10-25,-0.658129,0.689544,0.302316
2025-10-25,-0.660332,0.687775,0.301541
2025-10-25,-0.661065,0.687184,0.301282
2025-10-25,-0.661798,0.686592,0.301022
2025-10-26,-0.654459,0.692469,0.303597
2025-10-26,-0.655934,0.691297,0.303083
2025-10-26,-0.657407,0.690122,0.302568
2025-10-26,-0.659612,0.688355,0.301793
2025-10-27,-0.652994,0.693628,0.304103
2025-10-27,-0.653734,0.693044,0.303847
2025-10-27,-0.654472,0.692459,0.303591
2025-10-27,-0.655948,0.691287,0.303077
2025-10-28,-0.661106,0.687154,0.301263
2025-10-28,-0.663301,0.685377,0.300484
2025-10-28,-0.664031,0.684783,0.300224
2025-10-28,-0.666219,0.682999,0.299441
2025-10-29,-0.658918,0.688914,0.302033
2025-10-29,-0.659652,0.688325,0.301775
2025-10-29,-0.661119,0.687144,0.301257
2025-10-29,-0.662583,0.685960,0.300738
2025-10-30,-0.655251,0.691843,0.303315
2025-10-30,-0.656725,0.690669,0.302801
2025-10-30,-0.658931,0.688904,0.302027
2025-10-30,-0.659666,0.688315,0.301768
2025-10-31,-0.653048,0.693588,0.304078
2025-10-31,-0.654526,0.692419,0.303566
2025-10-31,-0.655264,0.691833,0.303309
2025-10-31,-0.656738,0.690659,0.302794
2025-11-01,-0.668043,0.681484,0.298827
2025-11-01,-0.670220,0.679689,0.298040
2025-11-01,-0.670945,0.679089,0.297777
2025-11-01,-0.672392,0.677888,0.297250
2025-11-02,-0.665873,0.683264,0.299605
2025-11-02,-0.666602,0.682668,0.299344
2025-11-02,-0.667329,0.682071,0.299083
2025-11-02,-0.669508,0.680278,0.298296
2025-11-03,-0.662967,0.685630,0.300641
2025-11-03,-0.664428,0.684443,0.300121
2025-11-03,-0.665158,0.683849,0.299860
2025-11-03,-0.665887,0.683253,0.299599
2025-11-04,-0.671708,0.678458,0.297495
2025-11-04,-0.673154,0.677255,0.296967
2025-11-04,-0.673876,0.676653,0.296703
2025-11-04,-0.675317,0.675446,0.296174
2025-11-05,-0.669548,0.680247,0.298277
2025-11-05,-0.670998,0.679048,0.297752
2025-11-05,-0.670998,0.679048,0.297752
2025-11-05,-0.672444,0.677847,0.297225
2025-11-06,-0.665927,0.683223,0.299580
2025-11-06,-0.667382,0.682030,0.299057
2025-11-06,-0.668109,0.681433,0.298795
2025-11-06,-0.670286,0.679638,0.298008
2025-11-07,-0.663021,0.685590,0.300616
2025-11-07,-0.664482,0.684403,0.300096
2025-11-07,-0.665211,0.683808,0.299835
2025-11-07,-0.666668,0.682617,0.299313
2025-11-08,-0.672484,0.677816,0.297206
2025-11-08,-0.673928,0.676612,0.296678
2025-11-08,-0.674649,0.676008,0.296413
2025-11-08,-0.675370,0.675405,0.296148
2025-11-09,-0.668875,0.680805,0.298514
2025-11-09,-0.671050,0.679007,0.297726
2025-11-09,-0.671774,0.678407,0.297463
2025-11-09,-0.673220,0.677204,0.296935
2025-11-10,-0.666708,0.682586,0.299294
2025-11-10,-0.667435,0.681990,0.299032
2025-11-10,-0.668162,0.681392,0.298770
2025-11-10,-0.670339,0.679597,0.297983
2025-11-11,-0.663805,0.684956,0.300331
2025-11-11,-0.665264,0.683767,0.299810
2025-11-11,-0.665993,0.683172,0.299549
2025-11-11,-0.666721,0.682576,0.299287
2025-11-12,-0.673259,0.677173,0.296916
2025-11-12,-0.673981,0.676570,0.296652
2025-11-12,-0.674702,0.675967,0.296388
2025-11-12,-0.676142,0.674759,0.295858
2025-11-13,-0.669654,0.680165,0.298227
2025-11-13,-0.671827,0.678365,0.297437
2025-11-13,-0.671827,0.678365,0.297437
2025-11-13,-0.673272,0.677162,0.296910
2025-11-14,-0.666761,0.682545,0.299268
2025-11-14,-0.668215,0.681351,0.298745
2025-11-14,-0.668942,0.680753,0.298483
2025-11-14,-0.671116,0.678956,0.297694
2025-11-15,-0.663858,0.684915,0.300306
2025-11-15,-0.665318,0.683726,0.299784
2025-11-15,-0.666046,0.683131,0.299523
2025-11-15,-0.667502,0.681938,0.299000
2025-11-16,-0.673312,0.677131,0.296891
2025-11-16,-0.674755,0.675926,0.296362
2025-11-16,-0.675475,0.675322,0.296098
2025-11-16,-0.676914,0.674112,0.295567
2025-11-17,-0.669707,0.680124,0.298201
2025-11-17,-0.671880,0.678324,0.297412
2025-11-17,-0.672603,0.677723,0.297148
2025-11-17,-0.674047,0.676519,0.296620
2025-11-18,-0.667542,0.681908,0.298981
2025-11-18,-0.668268,0.681310,0.298720
2025-11-18,-0.668995,0.680712,0.298457
2025-11-18,-0.671169,0.678915,0.297669
2025-11-19,-0.664641,0.684281,0.300020
2025-11-19,-0.666099,0.683090,0.299498
2025-11-19,-0.666827,0.682494,0.299237
2025-11-19,-0.667555,0.681898,0.298975
2025-11-20,-0.674086,0.676488,0.296601
2025-11-20,-0.674807,0.675884,0.296337
2025-11-20,-0.675528,0.675281,0.296072
2025-11-20,-0.676966,0.674071,0.295542
2025-11-21,-0.670485,0.679484,0.297913
2025-11-21,-0.672655,0.677682,0.297123
2025-11-21,-0.673378,0.677080,0.296859
2025-11-21,-0.674099,0.676477,0.296595
2025-11-22,-0.667595,0.681867,0.298956
2025-11-22,-0.669048,0.680672,0.298432
2025-11-22,-0.669773,0.680073,0.298170
2025-11-22,-0.671946,0.678273,0.297380
2025-11-23,-0.663965,0.684834,0.300255
2025-11-23,-0.666153,0.683050,0.299473
2025-11-23,-0.666881,0.682454,0.299211
2025-11-23,-0.668335,0.681259,0.298688
2025-11-24,-0.674139,0.676446,0.296576
2025-11-24,-0.675580,0.675239,0.296047
2025-11-24,-0.676300,0.674635,0.295782
2025-11-24,-0.677737,0.673424,0.295251
2025-11-25,-0.670538,0.679443,0.297888
2025-11-25,-0.672708,0.677641,0.297098
2025-11-25,-0.673430,0.677039,0.296834
2025-11-25,-0.674873,0.675833,0.296305
2025-11-26,-0.668374,0.681229,0.298669
2025-11-26,-0.669101,0.680631,0.298407
2025-11-26,-0.669826,0.680032,0.298144
2025-11-26,-0.671275,0.678832,0.297618
2025-11-27,-0.665477,0.683604,0.299709
2025-11-27,-0.666934,0.682413,0.299186
2025-11-27,-0.667661,0.681816,0.298925
2025-11-27,-0.668388,0.681218,0.298663
2025-11-28,-0.674912,0.675802,0.296286
2025-11-28,-0.675633,0.675198,0.296021
2025-11-28,-0.676352,0.674593,0.295756
2025-11-28,-0.677790,0.673382,0.295225
2025-11-29,-0.671315,0.678801,0.297599
2025-11-29,-0.673483,0.676997,0.296808
2025-11-29,-0.674205,0.676395,0.296544
2025-11-29,-0.674926,0.675791,0.296280
2025-11-30,-0.668427,0.681188,0.298644
2025-11-30,-0.669879,0.679991,0.298119
2025-11-30,-0.670604,0.679391,0.297856
2025-11-30,-0.672774,0.677589,0.297066
2025-12-01,-0.681019,0.670625,0.294065
2025-12-01,-0.683162,0.668795,0.293263
2025-12-01,-0.683875,0.668184,0.292995
2025-12-01,-0.685298,0.666959,0.292458
2025-12-02,-0.678167,0.673046,0.295125
2025-12-02,-0.679601,0.671832,0.294593
2025-12-02,-0.681032,0.670615,0.294059
2025-12-02,-0.681747,0.670005,0.293792
2025-12-03,-0.674584,0.676060,0.296445
2025-12-03,-0.676743,0.674247,0.295650
2025-12-03,-0.677462,0.673642,0.295385
2025-12-03,-0.679614,0.671821,0.294586
2025-12-04,-0.684626,0.667540,0.292707
2025-12-04,-0.686758,0.665700,0.291901
2025-12-04,-0.687468,0.665086,0.291631
2025-12-04,-0.688177,0.664471,0.291361
2025-12-05,-0.681072,0.670583,0.294040
2025-12-05,-0.683927,0.668142,0.292969
2025-12-05,-0.684639,0.667530,0.292701
2025-12-05,-0.686061,0.666304,0.292163
2025-12-06,-0.678219,0.673004,0.295100
2025-12-06,-0.679653,0.671790,0.294567
2025-12-06,-0.680369,0.671182,0.294300
2025-12-06,-0.682513,0.669353,0.293499
2025-12-07,-0.675357,0.675415,0.296155
2025-12-07,-0.676796,0.674206,0.295625
2025-12-07,-0.677514,0.673600,0.295359
2025-12-07,-0.679666,0.671779,0.294561
2025-12-08,-0.684678,0.667498,0.292682
2025-12-08,-0.686810,0.665658,0.291875
2025-12-08,-0.687520,0.665044,0.291605
2025-12-08,-0.688937,0.663813,0.291066
2025-12-09,-0.681839,0.669932,0.293747
2025-12-09,-0.682553,0.669322,0.293479
2025-12-09,-0.684691,0.667488,0.292675
2025-12-09,-0.686113,0.666262,0.292138
2025-12-10,-0.678989,0.672356,0.294808
2025-12-10,-0.680422,0.671140,0.294275
2025-12-10,-0.681852,0.669922,0.293741
2025-12-10,-0.682566,0.669311,0.293473
2025-12-11,-0.675409,0.675374,0.296129
2025-12-11,-0.677567,0.673559,0.295333
2025-12-11,-0.678285,0.672952,0.295068
2025-12-11,-0.680435,0.671129,0.294268
2025-12-12,-0.685441,0.666843,0.292387
2025-12-12,-0.687571,0.665001,0.291580
2025-12-12,-0.688280,0.664386,0.291310
2025-12-12,-0.688988,0.663770,0.291040
2025-12-13,-0.681891,0.669890,0.293721
2025-12-13,-0.683318,0.668669,0.293186
2025-12-13,-0.685454,0.666833,0.292381
2025-12-13,-0.686875,0.665606,0.291843
2025-12-14,-0.679041,0.672314,0.294782
2025-12-14,-0.680474,0.671098,0.294249
2025-12-14,-0.681189,0.670489,0.293982
2025-12-14,-0.683331,0.668659,0.293180
2025-12-15,-0.676182,0.674728,0.295839
2025-12-15,-0.678337,0.672911,0.295042
2025-12-15,-0.678337,0.672911,0.295042
2025-12-15,-0.679771,0.671696,0.294510
2025-12-16,-0.685493,0.666801,0.292362
2025-12-16,-0.687623,0.664959,0.291554
2025-12-16,-0.688332,0.664344,0.291284
2025-12-16,-0.689747,0.663111,0.290744
2025-12-17,-0.682657,0.669238,0.293428
2025-12-17,-0.683370,0.668627,0.293160
2025-12-17,-0.684795,0.667404,0.292624
2025-12-17,-0.686927,0.665563,0.291817
2025-12-18,-0.679810,0.671665,0.294490
2025-12-18,-0.681241,0.670447,0.293957
2025-12-18,-0.681956,0.669838,0.293689
2025-12-18,-0.683383,0.668617,0.293154
2025-12-19,-0.676234,0.674686,0.295813
2025-12-19,-0.678390,0.672869,0.295017
2025-12-19,-0.679107,0.672262,0.294750
2025-12-19,-0.681254,0.670437,0.293950
2025-12-20,-0.686256,0.666146,0.292067
2025-12-20,-0.688384,0.664302,0.291258
2025-12-20,-0.689092,0.663686,0.290988
2025-12-20,-0.689799,0.663069,0.290718
2025-12-21,-0.682709,0.669196,0.293403
2025-12-21,-0.684135,0.667974,0.292867
2025-12-21,-0.686268,0.666135,0.292061
2025-12-21,-0.687688,0.664906,0.291522
2025-12-22,-0.679862,0.671623,0.294465
2025-12-22,-0.681293,0.670406,0.293931
2025-12-22,-0.682008,0.669796,0.293664
2025-12-22,-0.684148,0.667963,0.292860
2025-12-23,-0.677006,0.674040,0.295523
2025-12-23,-0.679159,0.672220,0.294725
2025-12-23,-0.679159,0.672220,0.294725
2025-12-23,-0.680591,0.671004,0.294192
2025-12-24,-0.686307,0.666104,0.292041
2025-12-24,-0.687727,0.664875,0.291503
2025-12-24,-0.689143,0.663643,0.290963
2025-12-24,-0.690557,0.662409,0.290422
2025-12-25,-0.683474,0.668543,0.293109
2025-12-25,-0.684898,0.667319,0.292573
2025-12-25,-0.684898,0.667319,0.292573
2025-12-25,-0.687739,0.664864,0.291496
2025-12-26,-0.680630,0.670973,0.294173
2025-12-26,-0.682060,0.669754,0.293638
2025-12-26,-0.682774,0.669144,0.293371
2025-12-26,-0.683487,0.668533,0.293103
2025-12-27,-0.677058,0.673998,0.295497
2025-12-27,-0.679211,0.672179,0.294699
2025-12-27,-0.679928,0.671571,0.294433
2025-12-27,-0.681359,0.670353,0.293899
2025-12-28,-0.687069,0.665447,0.291746
2025-12-28,-0.689195,0.663601,0.290937
2025-12-28,-0.689902,0.662984,0.290666
2025-12-28,-0.690609,0.662367,0.290396
2025-12-29,-0.683526,0.668501,0.293084
2025-12-29,-0.684950,0.667277,0.292547
2025-12-29,-0.686372,0.666051,0.292009
2025-12-29,-0.688500,0.664206,0.291201
2025-12-30,-0.681398,0.670322,0.293880
2025-12-30,-0.682112,0.669712,0.293613
2025-12-30,-0.682826,0.669102,0.293345
2025-12-30,-0.684963,0.667267,0.292540
2025-12-31,-0.677829,0.673351,0.295206
2025-12-31,-0.679980,0.671529,0.294407
2025-12-31,-0.680696,0.670921,0.294141
2025-12-31,-0.681411,0.670312,0.293874
2026-01-01,-0.886615,0.423575,0.185735
2026-01-01,-0.887066,0.422782,0.185388
2026-01-01,-0.887517,0.421989,0.185040
2026-01-01,-0.888415,0.420400,0.184343
2026-01-02,-0.884354,0.427521,0.187464
2026-01-02,-0.885718,0.425147,0.186423
2026-01-02,-0.886171,0.424354,0.186076
2026-01-02,-0.886623,0.423561,0.185728
2026-01-03,-0.882073,0.431457,0.189189
2026-01-03,-0.883449,0.429088,0.188150
2026-01-03,-0.883906,0.428298,0.187804
2026-01-03,-0.884818,0.426716,0.187110
2026-01-04,-0.888439,0.420358,0.184321
2026-01-04,-0.889334,0.418768,0.183624
2026-01-04,-0.890226,0.417177,0.182926
2026-01-04,-0.890670,0.416380,0.182577
2026-01-05,-0.886648,0.423519,0.185706
2026-01-05,-0.887550,0.421932,0.185010
2026-01-05,-0.887999,0.421139,0.184662
2026-01-05,-0.888895,0.419549,0.183965